real-app-pair	Run five-file control, then 5000-file case	﻿2026-10-11T03:24:54.9555294Z ##[group]Run bash support/diagnostics/2414-vm-pair.sh
real-app-pair	Run five-file control, then 5000-file case	2026-10-11T03:24:54.9556247Z ^[[36;1mbash support/diagnostics/2414-vm-pair.sh^[[0m
real-app-pair	Run five-file control, then 5000-file case	2026-10-11T03:24:54.9593361Z shell: /usr/bin/bash -e {0}
real-app-pair	Run five-file control, then 5000-file case	2026-10-11T03:24:54.9593895Z ##[endgroup]
real-app-pair	Run five-file control, then 5000-file case	2026-10-11T03:24:55.0317971Z Get:1 file:/etc/apt/apt-mirrors.txt Mirrorlist [144 B]
real-app-pair	Run five-file control, then 5000-file case	2026-10-11T03:24:55.0620516Z Hit:2 http://azure.archive.ubuntu.com/ubuntu noble InRelease
real-app-pair	Run five-file control, then 5000-file case	2026-10-11T03:24:55.0650780Z Get:3 http://azure.archive.ubuntu.com/ubuntu noble-updates InRelease [126 kB]
real-app-pair	Run five-file control, then 5000-file case	2026-10-11T03:24:55.0672178Z Get:4 http://azure.archive.ubuntu.com/ubuntu noble-backports InRelease [126 kB]
real-app-pair	Run five-file control, then 5000-file case	2026-10-11T03:24:55.0698565Z Get:5 http://azure.archive.ubuntu.com/ubuntu noble-security InRelease [126 kB]
real-app-pair	Run five-file control, then 5000-file case	2026-10-11T03:24:55.0719231Z Get:6 https://packages.microsoft.com/ubuntu/24.04/prod noble InRelease [3600 B]
real-app-pair	Run five-file control, then 5000-file case	2026-10-11T03:24:55.1680060Z Get:7 http://azure.archive.ubuntu.com/ubuntu noble-updates/main amd64 Packages [1375 kB]
real-app-pair	Run five-file control, then 5000-file case	2026-10-11T03:24:55.1802238Z Get:8 http://azure.archive.ubuntu.com/ubuntu noble-updates/main Translation-en [306 kB]
real-app-pair	Run five-file control, then 5000-file case	2026-10-11T03:24:55.1825168Z Get:9 http://azure.archive.ubuntu.com/ubuntu noble-updates/universe amd64 Packages [1702 kB]
real-app-pair	Run five-file control, then 5000-file case	2026-10-11T03:24:55.1923014Z Get:10 http://azure.archive.ubuntu.com/ubuntu noble-updates/universe Translation-en [342 kB]
real-app-pair	Run five-file control, then 5000-file case	2026-10-11T03:24:55.1940264Z Get:11 http://azure.archive.ubuntu.com/ubuntu noble-updates/restricted amd64 Packages [1761 kB]
real-app-pair	Run five-file control, then 5000-file case	2026-10-11T03:24:55.2043009Z Get:12 http://azure.archive.ubuntu.com/ubuntu noble-updates/restricted Translation-en [401 kB]
real-app-pair	Run five-file control, then 5000-file case	2026-10-11T03:24:55.2051789Z Get:13 http://azure.archive.ubuntu.com/ubuntu noble-updates/multiverse amd64 Packages [55.0 kB]
real-app-pair	Run five-file control, then 5000-file case	2026-10-11T03:24:55.2057509Z Get:14 http://azure.archive.ubuntu.com/ubuntu noble-updates/multiverse Translation-en [14.3 kB]
real-app-pair	Run five-file control, then 5000-file case	2026-10-11T03:24:55.2521221Z Get:15 http://azure.archive.ubuntu.com/ubuntu noble-security/main amd64 Packages [1121 kB]
real-app-pair	Run five-file control, then 5000-file case	2026-10-11T03:24:55.2580902Z Get:16 http://azure.archive.ubuntu.com/ubuntu noble-security/main Translation-en [228 kB]
real-app-pair	Run five-file control, then 5000-file case	2026-10-11T03:24:55.2910186Z Get:23 https://packages.microsoft.com/ubuntu/24.04/prod noble/main armhf Packages [12.3 kB]
real-app-pair	Run five-file control, then 5000-file case	2026-10-11T03:24:55.2938789Z Get:24 https://packages.microsoft.com/ubuntu/24.04/prod noble/main arm64 Packages [492 kB]
real-app-pair	Run five-file control, then 5000-file case	2026-10-11T03:24:55.3000660Z Get:17 http://azure.archive.ubuntu.com/ubuntu noble-security/universe amd64 Packages [1220 kB]
real-app-pair	Run five-file control, then 5000-file case	2026-10-11T03:24:55.3030432Z Get:25 https://packages.microsoft.com/ubuntu/24.04/prod noble/main amd64 Packages [548 kB]
real-app-pair	Run five-file control, then 5000-file case	2026-10-11T03:24:55.3081184Z Get:18 http://azure.archive.ubuntu.com/ubuntu noble-security/universe Translation-en [245 kB]
real-app-pair	Run five-file control, then 5000-file case	2026-10-11T03:24:55.3086159Z Get:26 https://packages.microsoft.com/ubuntu/24.04/prod noble/main all Packages [640 B]
real-app-pair	Run five-file control, then 5000-file case	2026-10-11T03:24:55.3112182Z Get:19 http://azure.archive.ubuntu.com/ubuntu noble-security/restricted amd64 Packages [1669 kB]
real-app-pair	Run five-file control, then 5000-file case	2026-10-11T03:24:55.3175366Z Get:20 http://azure.archive.ubuntu.com/ubuntu noble-security/restricted Translation-en [383 kB]
real-app-pair	Run five-file control, then 5000-file case	2026-10-11T03:24:55.3197506Z Get:21 http://azure.archive.ubuntu.com/ubuntu noble-security/multiverse amd64 Packages [49.8 kB]
real-app-pair	Run five-file control, then 5000-file case	2026-10-11T03:24:55.3204332Z Get:22 http://azure.archive.ubuntu.com/ubuntu noble-security/multiverse Translation-en [12.4 kB]
real-app-pair	Run five-file control, then 5000-file case	2026-10-11T03:24:58.2394194Z Fetched 12.3 MB in 1s (9886 kB/s)
real-app-pair	Run five-file control, then 5000-file case	2026-10-11T03:24:59.1394858Z Reading package lists...
real-app-pair	Run five-file control, then 5000-file case	2026-10-11T03:24:59.1694787Z Reading package lists...
real-app-pair	Run five-file control, then 5000-file case	2026-10-11T03:24:59.3653626Z Building dependency tree...
real-app-pair	Run five-file control, then 5000-file case	2026-10-11T03:24:59.3660653Z Reading state information...
real-app-pair	Run five-file control, then 5000-file case	2026-10-11T03:24:59.5258749Z openssh-client is already the newest version (1:9.6p1-3ubuntu13.19).
real-app-pair	Run five-file control, then 5000-file case	2026-10-11T03:24:59.5260013Z xvfb is already the newest version (2:21.1.12-1ubuntu1.8).
real-app-pair	Run five-file control, then 5000-file case	2026-10-11T03:24:59.5261041Z libgtk-3-0t64 is already the newest version (3.24.41-4ubuntu1.3).
real-app-pair	Run five-file control, then 5000-file case	2026-10-11T03:24:59.5261674Z libgtk-3-0t64 set to manually installed.
real-app-pair	Run five-file control, then 5000-file case	2026-10-11T03:24:59.5262345Z libgl1-mesa-dri is already the newest version (25.2.8-0ubuntu0.24.04.4).
real-app-pair	Run five-file control, then 5000-file case	2026-10-11T03:24:59.5263122Z libgl1-mesa-dri set to manually installed.
real-app-pair	Run five-file control, then 5000-file case	2026-10-11T03:24:59.5264589Z libglx-mesa0 is already the newest version (25.2.8-0ubuntu0.24.04.4).
real-app-pair	Run five-file control, then 5000-file case	2026-10-11T03:24:59.5265290Z libglx-mesa0 set to manually installed.
real-app-pair	Run five-file control, then 5000-file case	2026-10-11T03:24:59.5265876Z The following additional packages will be installed:
real-app-pair	Run five-file control, then 5000-file case	2026-10-11T03:24:59.5266733Z   cpu-checker dns-root-data dnsmasq-base fonts-droid-fallback fonts-noto-mono
real-app-pair	Run five-file control, then 5000-file case	2026-10-11T03:24:59.5267559Z   fonts-urw-base35 genisoimage ghostscript glib-networking
real-app-pair	Run five-file control, then 5000-file case	2026-10-11T03:24:59.5268372Z   glib-networking-common glib-networking-services gstreamer1.0-plugins-base
real-app-pair	Run five-file control, then 5000-file case	2026-10-11T03:24:59.5269370Z   gstreamer1.0-plugins-good gstreamer1.0-x imagemagick-6.q16 ipxe-qemu
real-app-pair	Run five-file control, then 5000-file case	2026-10-11T03:24:59.5270154Z   ipxe-qemu-256k-compat-efi-roms libaa1 libasyncns0 libavc1394-0
real-app-pair	Run five-file control, then 5000-file case	2026-10-11T03:24:59.5270905Z   libayatana-ido3-0.4-0 libayatana-indicator3-7 libbluetooth3
real-app-pair	Run five-file control, then 5000-file case	2026-10-11T03:24:59.5271721Z   libboost-iostreams1.83.0 libboost-thread1.83.0 libbrlapi0.8 libcaca0
real-app-pair	Run five-file control, then 5000-file case	2026-10-11T03:24:59.5272597Z   libcacard0 libcdparanoia0 libdaxctl1 libdecor-0-0 libdecor-0-plugin-1-gtk
real-app-pair	Run five-file control, then 5000-file case	2026-10-11T03:24:59.5273562Z   libdjvulibre-text libdjvulibre21 libdv4t64 libegl-mesa0 libfdt1 libflac12t64
real-app-pair	Run five-file control, then 5000-file case	2026-10-11T03:24:59.5274512Z   libgif7 libgs-common libgs10 libgs10-common libgstreamer-plugins-base1.0-0
real-app-pair	Run five-file control, then 5000-file case	2026-10-11T03:24:59.5275435Z   libgstreamer-plugins-good1.0-0 libhwy1t64 libid3tag0 libidn12 libiec61883-0
real-app-pair	Run five-file control, then 5000-file case	2026-10-11T03:24:59.5276515Z   libijs-0.35 libimath-3-1-29t64 libimlib2t64 libiscsi7 libjack-jackd2-0
real-app-pair	Run five-file control, then 5000-file case	2026-10-11T03:24:59.5277457Z   libjbig2dec0 libjxl0.7 libjxr-tools libjxr0t64 liblept5
real-app-pair	Run five-file control, then 5000-file case	2026-10-11T03:24:59.5278338Z   libmagickcore-6.q16-7-extra libmp3lame0 libmpg123-0t64 libndctl6 libndp0
real-app-pair	Run five-file control, then 5000-file case	2026-10-11T03:24:59.5279467Z   libnetpbm11t64 libnfs14 libnm0 libobrender32v5 libobt2v5 libopenexr-3-1-30
real-app-pair	Run five-file control, then 5000-file case	2026-10-11T03:24:59.5280459Z   libopus0 liborc-0.4-0t64 libpangoxft-1.0-0 libpaper-utils libpaper1
real-app-pair	Run five-file control, then 5000-file case	2026-10-11T03:24:59.5281338Z   libpcsclite1 libpipewire-0.3-0t64 libpipewire-0.3-common libpmem1
real-app-pair	Run five-file control, then 5000-file case	2026-10-11T03:24:59.5282119Z   libpmemobj1 libproxy1v5 libpulse0 librados2 libraw1394-11 librbd1
real-app-pair	Run five-file control, then 5000-file case	2026-10-11T03:24:59.5282965Z   librdmacm1t64 librsvg2-2 librsvg2-common libsamplerate0 libsdl2-2.0-0
real-app-pair	Run five-file control, then 5000-file case	2026-10-11T03:24:59.5283735Z   libsecret-common libshout3 libsndfile1 libsoup-3.0-0 libsoup-3.0-common
real-app-pair	Run five-file control, then 5000-file case	2026-10-11T03:24:59.5284278Z   libspa-0.2-modules libspectre1 libspeex1 libspice-server1
real-app-pair	Run five-file control, then 5000-file case	2026-10-11T03:24:59.5284761Z   libstartup-notification0 libtag1v5 libtag1v5-vanilla libteamdctl0
real-app-pair	Run five-file control, then 5000-file case	2026-10-11T03:24:59.5285271Z   libtesseract5 libtheora0 libtwolame0 liburing2 libusbredirparser1t64
real-app-pair	Run five-file control, then 5000-file case	2026-10-11T03:24:59.5285816Z   libv4l-0t64 libv4lconvert0t64 libvirglrenderer1 libvisual-0.4-0
real-app-pair	Run five-file control, then 5000-file case	2026-10-11T03:24:59.5286304Z   libvorbisenc2 libvpx9 libvte-2.91-0 libvte-2.91-common libwavpack1
real-app-pair	Run five-file control, then 5000-file case	2026-10-11T03:24:59.5286986Z   libwebrtc-audio-processing1 libwmflite-0.2-7 libxcb-util1 libxdo3 libxv1
real-app-pair	Run five-file control, then 5000-file case	2026-10-11T03:24:59.5287543Z   msr-tools netpbm network-manager-pptp obconf ovmf poppler-data ppp
real-app-pair	Run five-file control, then 5000-file case	2026-10-11T03:24:59.5288042Z   pptp-linux qemu-block-extra qemu-system-common qemu-system-data
real-app-pair	Run five-file control, then 5000-file case	2026-10-11T03:24:59.5288597Z   qemu-system-gui qemu-system-modules-opengl qemu-system-modules-spice seabios
real-app-pair	Run five-file control, then 5000-file case	2026-10-11T03:24:59.5289386Z   session-migration tesseract-ocr-eng tesseract-ocr-osd wireless-regdb
real-app-pair	Run five-file control, then 5000-file case	2026-10-11T03:24:59.5289845Z   wpasupplicant xfonts-encodings xfonts-utils
real-app-pair	Run five-file control, then 5000-file case	2026-10-11T03:24:59.5290228Z Suggested packages:
real-app-pair	Run five-file control, then 5000-file case	2026-10-11T03:24:59.5290619Z   mtools fonts-noto fonts-freefont-otf | fonts-freefont-ttf fonts-texgyre
real-app-pair	Run five-file control, then 5000-file case	2026-10-11T03:24:59.5291171Z   wodim cdrkit-doc texlive-binaries gvfs imagemagick-6-doc autotrace cups-bsd
real-app-pair	Run five-file control, then 5000-file case	2026-10-11T03:24:59.5292208Z   | lpr | lprng enscript ffmpeg gimp gnuplot grads graphviz hp2xx html2ps
real-app-pair	Run five-file control, then 5000-file case	2026-10-11T03:24:59.5293034Z   libwmf-bin mplayer povray radiance sane-utils texlive-base-bin transfig
real-app-pair	Run five-file control, then 5000-file case	2026-10-11T03:24:59.5293853Z   libraw-bin libdv-bin oss-compat libvisual-0.4-plugins jackd2 inkscape
real-app-pair	Run five-file control, then 5000-file case	2026-10-11T03:24:59.5294396Z   opus-tools pcscd pipewire pulseaudio libraw1394-doc librsvg2-bin speex
real-app-pair	Run five-file control, then 5000-file case	2026-10-11T03:24:59.5295028Z   gstreamer1.0-libav gstreamer1.0-plugins-ugly avahi-autoipd libteam-utils
real-app-pair	Run five-file control, then 5000-file case	2026-10-11T03:24:59.5296118Z   tint2 openbox-gnome-session openbox-kde-session poppler-utils
real-app-pair	Run five-file control, then 5000-file case	2026-10-11T03:24:59.5296819Z   fonts-japanese-mincho | fonts-ipafont-mincho fonts-japanese-gothic
real-app-pair	Run five-file control, then 5000-file case	2026-10-11T03:24:59.5297353Z   | fonts-ipafont-gothic fonts-arphic-ukai fonts-arphic-uming fonts-nanum
real-app-pair	Run five-file control, then 5000-file case	2026-10-11T03:24:59.5297814Z   samba vde2 wpagui libengine-pkcs11-openssl
real-app-pair	Run five-file control, then 5000-file case	2026-10-11T03:24:59.5771498Z The following NEW packages will be installed:
real-app-pair	Run five-file control, then 5000-file case	2026-10-11T03:24:59.5772293Z   at-spi2-core cloud-image-utils cpu-checker dns-root-data dnsmasq-base
real-app-pair	Run five-file control, then 5000-file case	2026-10-11T03:24:59.5773036Z   fonts-droid-fallback fonts-noto-mono fonts-urw-base35 genisoimage
real-app-pair	Run five-file control, then 5000-file case	2026-10-11T03:24:59.5773781Z   ghostscript glib-networking glib-networking-common glib-networking-services
real-app-pair	Run five-file control, then 5000-file case	2026-10-11T03:24:59.5774474Z   gsettings-desktop-schemas gstreamer1.0-plugins-base
real-app-pair	Run five-file control, then 5000-file case	2026-10-11T03:24:59.5775160Z   gstreamer1.0-plugins-good gstreamer1.0-x imagemagick imagemagick-6.q16
real-app-pair	Run five-file control, then 5000-file case	2026-10-11T03:24:59.5775905Z   ipxe-qemu ipxe-qemu-256k-compat-efi-roms libaa1 libasyncns0 libavc1394-0
real-app-pair	Run five-file control, then 5000-file case	2026-10-11T03:24:59.5776715Z   libayatana-appindicator3-1 libayatana-ido3-0.4-0 libayatana-indicator3-7
real-app-pair	Run five-file control, then 5000-file case	2026-10-11T03:24:59.5777455Z   libbluetooth3 libboost-iostreams1.83.0 libboost-thread1.83.0 libbrlapi0.8
real-app-pair	Run five-file control, then 5000-file case	2026-10-11T03:24:59.5778133Z   libcaca0 libcacard0 libcdparanoia0 libdaxctl1 libdecor-0-0
real-app-pair	Run five-file control, then 5000-file case	2026-10-11T03:24:59.5778775Z   libdecor-0-plugin-1-gtk libdjvulibre-text libdjvulibre21 libdv4t64
real-app-pair	Run five-file control, then 5000-file case	2026-10-11T03:24:59.5779741Z   libegl-mesa0 libegl1 libfdt1 libflac12t64 libgif7 libgles2 libgs-common
real-app-pair	Run five-file control, then 5000-file case	2026-10-11T03:24:59.5780562Z   libgs10 libgs10-common libgstreamer-plugins-base1.0-0
real-app-pair	Run five-file control, then 5000-file case	2026-10-11T03:24:59.5781270Z   libgstreamer-plugins-good1.0-0 libhwy1t64 libid3tag0 libidn12 libiec61883-0
real-app-pair	Run five-file control, then 5000-file case	2026-10-11T03:24:59.5782033Z   libijs-0.35 libimath-3-1-29t64 libimlib2t64 libiscsi7 libjack-jackd2-0
real-app-pair	Run five-file control, then 5000-file case	2026-10-11T03:24:59.5782634Z   libjbig2dec0 libjxl0.7 libjxr-tools libjxr0t64 liblept5
real-app-pair	Run five-file control, then 5000-file case	2026-10-11T03:24:59.5783268Z   libmagickcore-6.q16-7-extra libmp3lame0 libmpg123-0t64 libndctl6 libndp0
real-app-pair	Run five-file control, then 5000-file case	2026-10-11T03:24:59.5783968Z   libnetpbm11t64 libnfs14 libnm0 libobrender32v5 libobt2v5 libopenexr-3-1-30
real-app-pair	Run five-file control, then 5000-file case	2026-10-11T03:24:59.5784753Z   libopengl0 libopus0 liborc-0.4-0t64 libpangoxft-1.0-0 libpaper-utils
real-app-pair	Run five-file control, then 5000-file case	2026-10-11T03:24:59.5785443Z   libpaper1 libpcsclite1 libpipewire-0.3-0t64 libpipewire-0.3-common libpmem1
real-app-pair	Run five-file control, then 5000-file case	2026-10-11T03:24:59.5786105Z   libpmemobj1 libproxy1v5 libpulse0 librados2 libraw1394-11 librbd1
real-app-pair	Run five-file control, then 5000-file case	2026-10-11T03:24:59.5786826Z   librdmacm1t64 librsvg2-2 librsvg2-common libsamplerate0 libsdl2-2.0-0
real-app-pair	Run five-file control, then 5000-file case	2026-10-11T03:24:59.5787461Z   libsecret-1-0 libsecret-common libshout3 libsndfile1 libsoup-3.0-0
real-app-pair	Run five-file control, then 5000-file case	2026-10-11T03:24:59.5788125Z   libsoup-3.0-common libspa-0.2-modules libspectre1 libspeex1 libspice-server1
real-app-pair	Run five-file control, then 5000-file case	2026-10-11T03:24:59.5788831Z   libstartup-notification0 libtag1v5 libtag1v5-vanilla libteamdctl0
real-app-pair	Run five-file control, then 5000-file case	2026-10-11T03:24:59.5789671Z   libtesseract5 libtheora0 libtwolame0 liburing2 libusbredirparser1t64
real-app-pair	Run five-file control, then 5000-file case	2026-10-11T03:24:59.5790410Z   libv4l-0t64 libv4lconvert0t64 libvirglrenderer1 libvisual-0.4-0
real-app-pair	Run five-file control, then 5000-file case	2026-10-11T03:24:59.5791104Z   libvorbisenc2 libvpx9 libvte-2.91-0 libvte-2.91-common libwavpack1
real-app-pair	Run five-file control, then 5000-file case	2026-10-11T03:24:59.5791905Z   libwebrtc-audio-processing1 libwmflite-0.2-7 libxcb-util1 libxdo3 libxv1
real-app-pair	Run five-file control, then 5000-file case	2026-10-11T03:24:59.5810468Z   msr-tools netpbm network-manager network-manager-pptp obconf openbox ovmf
real-app-pair	Run five-file control, then 5000-file case	2026-10-11T03:24:59.5811875Z   poppler-data ppp pptp-linux qemu-block-extra qemu-system-common
real-app-pair	Run five-file control, then 5000-file case	2026-10-11T03:24:59.5813007Z   qemu-system-data qemu-system-gui qemu-system-modules-opengl
real-app-pair	Run five-file control, then 5000-file case	2026-10-11T03:24:59.5814679Z   qemu-system-modules-spice qemu-system-x86 qemu-utils scrot seabios
real-app-pair	Run five-file control, then 5000-file case	2026-10-11T03:24:59.5815805Z   session-migration tesseract-ocr tesseract-ocr-eng tesseract-ocr-osd
real-app-pair	Run five-file control, then 5000-file case	2026-10-11T03:24:59.5816814Z   wireless-regdb wpasupplicant xdotool xfonts-encodings xfonts-utils
real-app-pair	Run five-file control, then 5000-file case	2026-10-11T03:24:59.5978368Z 0 upgraded, 159 newly installed, 0 to remove and 23 not upgraded.
real-app-pair	Run five-file control, then 5000-file case	2026-10-11T03:24:59.5979580Z Need to get 90.7 MB of archives.
real-app-pair	Run five-file control, then 5000-file case	2026-10-11T03:24:59.5980391Z After this operation, 338 MB of additional disk space will be used.
real-app-pair	Run five-file control, then 5000-file case	2026-10-11T03:24:59.5981289Z Get:1 file:/etc/apt/apt-mirrors.txt Mirrorlist [144 B]
real-app-pair	Run five-file control, then 5000-file case	2026-10-11T03:24:59.6758876Z Get:2 http://azure.archive.ubuntu.com/ubuntu noble/main amd64 fonts-droid-fallback all 1:6.0.1r16-1.1build1 [1805 kB]
real-app-pair	Run five-file control, then 5000-file case	2026-10-11T03:24:59.7737082Z Get:3 http://azure.archive.ubuntu.com/ubuntu noble/main amd64 poppler-data all 0.4.12-1 [2060 kB]
real-app-pair	Run five-file control, then 5000-file case	2026-10-11T03:24:59.8765107Z Get:4 http://azure.archive.ubuntu.com/ubuntu noble/main amd64 session-migration amd64 0.3.9build1 [9034 B]
real-app-pair	Run five-file control, then 5000-file case	2026-10-11T03:24:59.9401977Z Get:5 http://azure.archive.ubuntu.com/ubuntu noble-updates/main amd64 gsettings-desktop-schemas all 46.1-0ubuntu1 [35.6 kB]
real-app-pair	Run five-file control, then 5000-file case	2026-10-11T03:25:00.0038176Z Get:6 http://azure.archive.ubuntu.com/ubuntu noble/main amd64 at-spi2-core amd64 2.52.0-1build1 [56.6 kB]
real-app-pair	Run five-file control, then 5000-file case	2026-10-11T03:25:00.0670802Z Get:7 http://azure.archive.ubuntu.com/ubuntu noble-updates/main amd64 msr-tools amd64 1.3-5ubuntu0.1 [9832 B]
real-app-pair	Run five-file control, then 5000-file case	2026-10-11T03:25:00.1302105Z Get:8 http://azure.archive.ubuntu.com/ubuntu noble/main amd64 cpu-checker amd64 0.7-1.3build2 [6148 B]
real-app-pair	Run five-file control, then 5000-file case	2026-10-11T03:25:00.1934639Z Get:9 http://azure.archive.ubuntu.com/ubuntu noble-updates/main amd64 dns-root-data all 2024071801~ubuntu0.24.04.1 [5918 B]
real-app-pair	Run five-file control, then 5000-file case	2026-10-11T03:25:00.2561633Z Get:10 http://azure.archive.ubuntu.com/ubuntu noble-updates/main amd64 dnsmasq-base amd64 2.91-0ubuntu0.24.04.2 [381 kB]
real-app-pair	Run five-file control, then 5000-file case	2026-10-11T03:25:00.3270276Z Get:11 http://azure.archive.ubuntu.com/ubuntu noble/main amd64 fonts-noto-mono all 20201225-2 [435 kB]
real-app-pair	Run five-file control, then 5000-file case	2026-10-11T03:25:00.3973950Z Get:12 http://azure.archive.ubuntu.com/ubuntu noble/main amd64 xfonts-encodings all 1:1.0.5-0ubuntu2 [578 kB]
real-app-pair	Run five-file control, then 5000-file case	2026-10-11T03:25:00.4706108Z Get:13 http://azure.archive.ubuntu.com/ubuntu noble/main amd64 xfonts-utils amd64 1:7.7+6build3 [94.4 kB]
real-app-pair	Run five-file control, then 5000-file case	2026-10-11T03:25:00.5366260Z Get:14 http://azure.archive.ubuntu.com/ubuntu noble/main amd64 fonts-urw-base35 all 20200910-8 [11.0 MB]
real-app-pair	Run five-file control, then 5000-file case	2026-10-11T03:25:00.8160325Z Get:15 http://azure.archive.ubuntu.com/ubuntu noble/main amd64 genisoimage amd64 9:1.1.11-3.5 [378 kB]
real-app-pair	Run five-file control, then 5000-file case	2026-10-11T03:25:00.8848766Z Get:16 http://azure.archive.ubuntu.com/ubuntu noble-updates/main amd64 libgs-common all 10.02.1~dfsg1-0ubuntu7.9 [176 kB]
real-app-pair	Run five-file control, then 5000-file case	2026-10-11T03:25:00.9501249Z Get:17 http://azure.archive.ubuntu.com/ubuntu noble-updates/main amd64 libgs10-common all 10.02.1~dfsg1-0ubuntu7.9 [488 kB]
real-app-pair	Run five-file control, then 5000-file case	2026-10-11T03:25:01.0235477Z Get:18 http://azure.archive.ubuntu.com/ubuntu noble-updates/main amd64 libidn12 amd64 1.42-1ubuntu0.1 [56.1 kB]
real-app-pair	Run five-file control, then 5000-file case	2026-10-11T03:25:01.0876281Z Get:19 http://azure.archive.ubuntu.com/ubuntu noble/main amd64 libijs-0.35 amd64 0.35-15.1build1 [15.3 kB]
real-app-pair	Run five-file control, then 5000-file case	2026-10-11T03:25:01.1507607Z Get:20 http://azure.archive.ubuntu.com/ubuntu noble-updates/main amd64 libjbig2dec0 amd64 0.20-1ubuntu0.24.04.1 [65.2 kB]
real-app-pair	Run five-file control, then 5000-file case	2026-10-11T03:25:01.2148697Z Get:21 http://azure.archive.ubuntu.com/ubuntu noble/main amd64 libpaper1 amd64 1.1.29build1 [13.4 kB]
real-app-pair	Run five-file control, then 5000-file case	2026-10-11T03:25:01.2781646Z Get:22 http://azure.archive.ubuntu.com/ubuntu noble-updates/main amd64 libgs10 amd64 10.02.1~dfsg1-0ubuntu7.9 [3898 kB]
real-app-pair	Run five-file control, then 5000-file case	2026-10-11T03:25:01.4190565Z Get:23 http://azure.archive.ubuntu.com/ubuntu noble-updates/main amd64 ghostscript amd64 10.02.1~dfsg1-0ubuntu7.9 [43.4 kB]
real-app-pair	Run five-file control, then 5000-file case	2026-10-11T03:25:01.4837924Z Get:24 http://azure.archive.ubuntu.com/ubuntu noble/main amd64 libproxy1v5 amd64 0.5.4-4build1 [26.5 kB]
real-app-pair	Run five-file control, then 5000-file case	2026-10-11T03:25:01.5477212Z Get:25 http://azure.archive.ubuntu.com/ubuntu noble/main amd64 glib-networking-common all 2.80.0-1build1 [6702 B]
real-app-pair	Run five-file control, then 5000-file case	2026-10-11T03:25:01.6107598Z Get:26 http://azure.archive.ubuntu.com/ubuntu noble/main amd64 glib-networking-services amd64 2.80.0-1build1 [12.8 kB]
real-app-pair	Run five-file control, then 5000-file case	2026-10-11T03:25:01.6741191Z Get:27 http://azure.archive.ubuntu.com/ubuntu noble/main amd64 glib-networking amd64 2.80.0-1build1 [64.1 kB]
real-app-pair	Run five-file control, then 5000-file case	2026-10-11T03:25:01.7375360Z Get:28 http://azure.archive.ubuntu.com/ubuntu noble/main amd64 libcdparanoia0 amd64 3.10.2+debian-14build3 [48.5 kB]
real-app-pair	Run five-file control, then 5000-file case	2026-10-11T03:25:01.8013221Z Get:29 http://azure.archive.ubuntu.com/ubuntu noble-updates/main amd64 liborc-0.4-0t64 amd64 1:0.4.38-1ubuntu0.1 [207 kB]
real-app-pair	Run five-file control, then 5000-file case	2026-10-11T03:25:01.8674013Z Get:30 http://azure.archive.ubuntu.com/ubuntu noble-updates/main amd64 libgstreamer-plugins-base1.0-0 amd64 1.24.2-1ubuntu0.5 [862 kB]
real-app-pair	Run five-file control, then 5000-file case	2026-10-11T03:25:01.9469553Z Get:31 http://azure.archive.ubuntu.com/ubuntu noble/main amd64 libopus0 amd64 1.4-1build1 [208 kB]
real-app-pair	Run five-file control, then 5000-file case	2026-10-11T03:25:02.0133150Z Get:32 http://azure.archive.ubuntu.com/ubuntu noble/main amd64 libtheora0 amd64 1.1.1+dfsg.1-16.1build3 [211 kB]
real-app-pair	Run five-file control, then 5000-file case	2026-10-11T03:25:02.0794745Z Get:33 http://azure.archive.ubuntu.com/ubuntu noble/main amd64 libvisual-0.4-0 amd64 0.4.2-2build1 [115 kB]
real-app-pair	Run five-file control, then 5000-file case	2026-10-11T03:25:02.1486146Z Get:34 http://azure.archive.ubuntu.com/ubuntu noble/main amd64 libvorbisenc2 amd64 1.3.7-1build3 [80.8 kB]
real-app-pair	Run five-file control, then 5000-file case	2026-10-11T03:25:02.2128613Z Get:35 http://azure.archive.ubuntu.com/ubuntu noble-updates/main amd64 gstreamer1.0-plugins-base amd64 1.24.2-1ubuntu0.5 [721 kB]
real-app-pair	Run five-file control, then 5000-file case	2026-10-11T03:25:02.2889203Z Get:36 http://azure.archive.ubuntu.com/ubuntu noble/main amd64 libaa1 amd64 1.4p5-51.1 [49.9 kB]
real-app-pair	Run five-file control, then 5000-file case	2026-10-11T03:25:02.3524268Z Get:37 http://azure.archive.ubuntu.com/ubuntu noble/main amd64 libraw1394-11 amd64 2.1.2-2build3 [26.2 kB]
real-app-pair	Run five-file control, then 5000-file case	2026-10-11T03:25:02.4180069Z Get:38 http://azure.archive.ubuntu.com/ubuntu noble/main amd64 libavc1394-0 amd64 0.5.4-5build3 [15.4 kB]
real-app-pair	Run five-file control, then 5000-file case	2026-10-11T03:25:02.4811648Z Get:39 http://azure.archive.ubuntu.com/ubuntu noble-updates/main amd64 libcaca0 amd64 0.99.beta20-4ubuntu0.2 [209 kB]
real-app-pair	Run five-file control, then 5000-file case	2026-10-11T03:25:02.5473725Z Get:40 http://azure.archive.ubuntu.com/ubuntu noble/main amd64 libdv4t64 amd64 1.0.0-17.1build1 [63.2 kB]
real-app-pair	Run five-file control, then 5000-file case	2026-10-11T03:25:02.6112711Z Get:41 http://azure.archive.ubuntu.com/ubuntu noble/main amd64 libflac12t64 amd64 1.4.3+ds-2.1ubuntu2 [197 kB]
real-app-pair	Run five-file control, then 5000-file case	2026-10-11T03:25:02.6767904Z Get:42 http://azure.archive.ubuntu.com/ubuntu noble-updates/main amd64 libgstreamer-plugins-good1.0-0 amd64 1.24.2-1ubuntu1.8 [34.3 kB]
real-app-pair	Run five-file control, then 5000-file case	2026-10-11T03:25:02.7401125Z Get:43 http://azure.archive.ubuntu.com/ubuntu noble/main amd64 libiec61883-0 amd64 1.2.0-6build1 [24.5 kB]
real-app-pair	Run five-file control, then 5000-file case	2026-10-11T03:25:02.8034967Z Get:44 http://azure.archive.ubuntu.com/ubuntu noble/main amd64 libmp3lame0 amd64 3.100-6build1 [142 kB]
real-app-pair	Run five-file control, then 5000-file case	2026-10-11T03:25:02.8679848Z Get:45 http://azure.archive.ubuntu.com/ubuntu noble-updates/main amd64 libmpg123-0t64 amd64 1.32.5-1ubuntu1.1 [169 kB]
real-app-pair	Run five-file control, then 5000-file case	2026-10-11T03:25:02.9336347Z Get:46 http://azure.archive.ubuntu.com/ubuntu noble/main amd64 libasyncns0 amd64 0.8-6build4 [11.3 kB]
real-app-pair	Run five-file control, then 5000-file case	2026-10-11T03:25:02.9967335Z Get:47 http://azure.archive.ubuntu.com/ubuntu noble-updates/main amd64 libsndfile1 amd64 1.2.2-1ubuntu5.24.04.1 [209 kB]
real-app-pair	Run five-file control, then 5000-file case	2026-10-11T03:25:03.0628324Z Get:48 http://azure.archive.ubuntu.com/ubuntu noble-updates/main amd64 libpulse0 amd64 1:16.1+dfsg1-2ubuntu10.1 [292 kB]
real-app-pair	Run five-file control, then 5000-file case	2026-10-11T03:25:03.1306328Z Get:49 http://azure.archive.ubuntu.com/ubuntu noble-updates/main amd64 libspeex1 amd64 1.2.1-2ubuntu2.24.04.1 [59.6 kB]
real-app-pair	Run five-file control, then 5000-file case	2026-10-11T03:25:03.1943927Z Get:50 http://azure.archive.ubuntu.com/ubuntu noble/main amd64 libshout3 amd64 2.4.6-1build2 [50.3 kB]
real-app-pair	Run five-file control, then 5000-file case	2026-10-11T03:25:03.2579152Z Get:51 http://azure.archive.ubuntu.com/ubuntu noble/main amd64 libtag1v5-vanilla amd64 1.13.1-1build1 [326 kB]
real-app-pair	Run five-file control, then 5000-file case	2026-10-11T03:25:03.3259182Z Get:52 http://azure.archive.ubuntu.com/ubuntu noble/main amd64 libtag1v5 amd64 1.13.1-1build1 [11.7 kB]
real-app-pair	Run five-file control, then 5000-file case	2026-10-11T03:25:03.3892332Z Get:53 http://azure.archive.ubuntu.com/ubuntu noble/main amd64 libtwolame0 amd64 0.4.0-2build3 [52.3 kB]
real-app-pair	Run five-file control, then 5000-file case	2026-10-11T03:25:03.4526008Z Get:54 http://azure.archive.ubuntu.com/ubuntu noble/main amd64 libv4lconvert0t64 amd64 1.26.1-4build3 [87.6 kB]
real-app-pair	Run five-file control, then 5000-file case	2026-10-11T03:25:03.5167140Z Get:55 http://azure.archive.ubuntu.com/ubuntu noble/main amd64 libv4l-0t64 amd64 1.26.1-4build3 [46.9 kB]
real-app-pair	Run five-file control, then 5000-file case	2026-10-11T03:25:03.5800735Z Get:56 http://azure.archive.ubuntu.com/ubuntu noble-updates/main amd64 libvpx9 amd64 1.14.0-1ubuntu2.3 [1143 kB]
real-app-pair	Run five-file control, then 5000-file case	2026-10-11T03:25:03.6654416Z Get:57 http://azure.archive.ubuntu.com/ubuntu noble/main amd64 libwavpack1 amd64 5.6.0-1build1 [84.6 kB]
real-app-pair	Run five-file control, then 5000-file case	2026-10-11T03:25:03.7292177Z Get:58 http://azure.archive.ubuntu.com/ubuntu noble-updates/main amd64 libsoup-3.0-common all 3.4.4-5ubuntu0.9 [12.3 kB]
real-app-pair	Run five-file control, then 5000-file case	2026-10-11T03:25:03.7924855Z Get:59 http://azure.archive.ubuntu.com/ubuntu noble-updates/main amd64 libsoup-3.0-0 amd64 3.4.4-5ubuntu0.9 [291 kB]
real-app-pair	Run five-file control, then 5000-file case	2026-10-11T03:25:03.8603784Z Get:60 http://azure.archive.ubuntu.com/ubuntu noble-updates/main amd64 gstreamer1.0-plugins-good amd64 1.24.2-1ubuntu1.8 [2236 kB]
real-app-pair	Run five-file control, then 5000-file case	2026-10-11T03:25:03.9666389Z Get:61 http://azure.archive.ubuntu.com/ubuntu noble/main amd64 libxv1 amd64 2:1.0.11-1.1build1 [10.7 kB]
real-app-pair	Run five-file control, then 5000-file case	2026-10-11T03:25:04.0371930Z Get:62 http://azure.archive.ubuntu.com/ubuntu noble-updates/main amd64 gstreamer1.0-x amd64 1.24.2-1ubuntu0.5 [85.1 kB]
real-app-pair	Run five-file control, then 5000-file case	2026-10-11T03:25:04.1007616Z Get:63 http://azure.archive.ubuntu.com/ubuntu noble/universe amd64 imagemagick-6.q16 amd64 8:6.9.12.98+dfsg1-5.2build2 [254 kB]
real-app-pair	Run five-file control, then 5000-file case	2026-10-11T03:25:04.1675945Z Get:64 http://azure.archive.ubuntu.com/ubuntu noble/universe amd64 imagemagick amd64 8:6.9.12.98+dfsg1-5.2build2 [14.2 kB]
real-app-pair	Run five-file control, then 5000-file case	2026-10-11T03:25:04.2306998Z Get:65 http://azure.archive.ubuntu.com/ubuntu noble/main amd64 ipxe-qemu all 1.21.1+git-20220113.fbbdc3926-0ubuntu2 [1565 kB]
real-app-pair	Run five-file control, then 5000-file case	2026-10-11T03:25:04.3229420Z Get:66 http://azure.archive.ubuntu.com/ubuntu noble/main amd64 ipxe-qemu-256k-compat-efi-roms all 1.0.0+git-20150424.a25a16d-0ubuntu5 [548 kB]
real-app-pair	Run five-file control, then 5000-file case	2026-10-11T03:25:04.3957680Z Get:67 http://azure.archive.ubuntu.com/ubuntu noble/main amd64 libayatana-ido3-0.4-0 amd64 0.10.1-1build2 [56.6 kB]
real-app-pair	Run five-file control, then 5000-file case	2026-10-11T03:25:04.4587318Z Get:68 http://azure.archive.ubuntu.com/ubuntu noble/main amd64 libayatana-indicator3-7 amd64 0.9.4-1build1 [31.7 kB]
real-app-pair	Run five-file control, then 5000-file case	2026-10-11T03:25:04.5393918Z Get:69 http://azure.archive.ubuntu.com/ubuntu noble/main amd64 libayatana-appindicator3-1 amd64 0.5.93-1build3 [24.7 kB]
real-app-pair	Run five-file control, then 5000-file case	2026-10-11T03:25:04.6329046Z Get:70 http://azure.archive.ubuntu.com/ubuntu noble-updates/main amd64 libbluetooth3 amd64 5.72-0ubuntu5.7 [85.8 kB]
real-app-pair	Run five-file control, then 5000-file case	2026-10-11T03:25:04.7284223Z Get:71 http://azure.archive.ubuntu.com/ubuntu noble-updates/main amd64 libboost-iostreams1.83.0 amd64 1.83.0-2.1ubuntu3.2 [260 kB]
real-app-pair	Run five-file control, then 5000-file case	2026-10-11T03:25:04.9346573Z Get:72 http://azure.archive.ubuntu.com/ubuntu noble-updates/main amd64 libboost-thread1.83.0 amd64 1.83.0-2.1ubuntu3.2 [276 kB]
real-app-pair	Run five-file control, then 5000-file case	2026-10-11T03:25:05.0773842Z Get:73 http://azure.archive.ubuntu.com/ubuntu noble/main amd64 libbrlapi0.8 amd64 6.6-4ubuntu5 [31.4 kB]
real-app-pair	Run five-file control, then 5000-file case	2026-10-11T03:25:05.2355518Z Get:74 http://azure.archive.ubuntu.com/ubuntu noble/main amd64 libpcsclite1 amd64 2.0.3-1build1 [21.4 kB]
real-app-pair	Run five-file control, then 5000-file case	2026-10-11T03:25:05.3290791Z Get:75 http://azure.archive.ubuntu.com/ubuntu noble/main amd64 libcacard0 amd64 1:2.8.0-3build4 [36.5 kB]
real-app-pair	Run five-file control, then 5000-file case	2026-10-11T03:25:05.4261101Z Get:76 http://azure.archive.ubuntu.com/ubuntu noble/main amd64 libdaxctl1 amd64 77-2ubuntu2 [21.4 kB]
real-app-pair	Run five-file control, then 5000-file case	2026-10-11T03:25:05.4893446Z Get:77 http://azure.archive.ubuntu.com/ubuntu noble/main amd64 libdecor-0-0 amd64 0.2.2-1build2 [16.5 kB]
real-app-pair	Run five-file control, then 5000-file case	2026-10-11T03:25:05.5524327Z Get:78 http://azure.archive.ubuntu.com/ubuntu noble/main amd64 libdecor-0-plugin-1-gtk amd64 0.2.2-1build2 [22.2 kB]
real-app-pair	Run five-file control, then 5000-file case	2026-10-11T03:25:05.6153597Z Get:79 http://azure.archive.ubuntu.com/ubuntu noble-updates/main amd64 libdjvulibre-text all 3.5.28-2ubuntu0.24.04.2 [51.1 kB]
real-app-pair	Run five-file control, then 5000-file case	2026-10-11T03:25:05.6785265Z Get:80 http://azure.archive.ubuntu.com/ubuntu noble-updates/main amd64 libdjvulibre21 amd64 3.5.28-2ubuntu0.24.04.2 [638 kB]
real-app-pair	Run five-file control, then 5000-file case	2026-10-11T03:25:05.7531376Z Get:81 http://azure.archive.ubuntu.com/ubuntu noble-updates/main amd64 libegl-mesa0 amd64 25.2.8-0ubuntu0.24.04.4 [117 kB]
real-app-pair	Run five-file control, then 5000-file case	2026-10-11T03:25:05.8179727Z Get:82 http://azure.archive.ubuntu.com/ubuntu noble-updates/main amd64 libgif7 amd64 5.2.2-1ubuntu1.2 [35.6 kB]
real-app-pair	Run five-file control, then 5000-file case	2026-10-11T03:25:05.8808186Z Get:83 http://azure.archive.ubuntu.com/ubuntu noble/universe amd64 libhwy1t64 amd64 1.0.7-8.1build1 [584 kB]
real-app-pair	Run five-file control, then 5000-file case	2026-10-11T03:25:05.9543030Z Get:84 http://azure.archive.ubuntu.com/ubuntu noble/universe amd64 libid3tag0 amd64 0.15.1b-14build1 [33.6 kB]
real-app-pair	Run five-file control, then 5000-file case	2026-10-11T03:25:06.0185037Z Get:85 http://azure.archive.ubuntu.com/ubuntu noble/universe amd64 libimath-3-1-29t64 amd64 3.1.9-3.1ubuntu2 [72.2 kB]
real-app-pair	Run five-file control, then 5000-file case	2026-10-11T03:25:06.0816333Z Get:86 http://azure.archive.ubuntu.com/ubuntu noble-updates/universe amd64 libjxl0.7 amd64 0.7.0-10.2ubuntu6.1 [1001 kB]
real-app-pair	Run five-file control, then 5000-file case	2026-10-11T03:25:06.1635518Z Get:87 http://azure.archive.ubuntu.com/ubuntu noble-updates/main amd64 librsvg2-2 amd64 2.58.0+dfsg-1ubuntu0.1 [2141 kB]
real-app-pair	Run five-file control, then 5000-file case	2026-10-11T03:25:06.2673754Z Get:88 http://azure.archive.ubuntu.com/ubuntu noble/main amd64 libspectre1 amd64 0.2.12-1build2 [30.9 kB]
real-app-pair	Run five-file control, then 5000-file case	2026-10-11T03:25:06.3305195Z Get:89 http://azure.archive.ubuntu.com/ubuntu noble/universe amd64 libimlib2t64 amd64 1.12.1-1.1build2 [208 kB]
real-app-pair	Run five-file control, then 5000-file case	2026-10-11T03:25:06.3962881Z Get:90 http://azure.archive.ubuntu.com/ubuntu noble-updates/main amd64 librdmacm1t64 amd64 50.0-2ubuntu0.2 [70.7 kB]
real-app-pair	Run five-file control, then 5000-file case	2026-10-11T03:25:06.4597898Z Get:91 http://azure.archive.ubuntu.com/ubuntu noble/main amd64 libiscsi7 amd64 1.19.0-3build4 [68.7 kB]
real-app-pair	Run five-file control, then 5000-file case	2026-10-11T03:25:06.5233395Z Get:92 http://azure.archive.ubuntu.com/ubuntu noble/main amd64 libsamplerate0 amd64 0.2.2-4build1 [1344 kB]
real-app-pair	Run five-file control, then 5000-file case	2026-10-11T03:25:06.6107854Z Get:93 http://azure.archive.ubuntu.com/ubuntu noble/main amd64 libjack-jackd2-0 amd64 1.9.21~dfsg-3ubuntu3 [289 kB]
real-app-pair	Run five-file control, then 5000-file case	2026-10-11T03:25:06.6782495Z Get:94 http://azure.archive.ubuntu.com/ubuntu noble/universe amd64 libjxr0t64 amd64 1.2~git20170615.f752187-5.1ubuntu2 [181 kB]
real-app-pair	Run five-file control, then 5000-file case	2026-10-11T03:25:06.7432544Z Get:95 http://azure.archive.ubuntu.com/ubuntu noble/universe amd64 libjxr-tools amd64 1.2~git20170615.f752187-5.1ubuntu2 [15.8 kB]
real-app-pair	Run five-file control, then 5000-file case	2026-10-11T03:25:06.8063459Z Get:96 http://azure.archive.ubuntu.com/ubuntu noble/universe amd64 liblept5 amd64 1.82.0-3build4 [1099 kB]
real-app-pair	Run five-file control, then 5000-file case	2026-10-11T03:25:06.8897859Z Get:97 http://azure.archive.ubuntu.com/ubuntu noble/universe amd64 libopenexr-3-1-30 amd64 3.1.5-5.1build3 [1004 kB]
real-app-pair	Run five-file control, then 5000-file case	2026-10-11T03:25:06.9716357Z Get:98 http://azure.archive.ubuntu.com/ubuntu noble/main amd64 libwmflite-0.2-7 amd64 0.2.13-1.1build3 [68.6 kB]
real-app-pair	Run five-file control, then 5000-file case	2026-10-11T03:25:07.0351982Z Get:99 http://azure.archive.ubuntu.com/ubuntu noble/universe amd64 libmagickcore-6.q16-7-extra amd64 8:6.9.12.98+dfsg1-5.2build2 [70.1 kB]
real-app-pair	Run five-file control, then 5000-file case	2026-10-11T03:25:07.0988167Z Get:100 http://azure.archive.ubuntu.com/ubuntu noble/main amd64 libndctl6 amd64 77-2ubuntu2 [62.8 kB]
real-app-pair	Run five-file control, then 5000-file case	2026-10-11T03:25:07.1621316Z Get:101 http://azure.archive.ubuntu.com/ubuntu noble-updates/main amd64 libndp0 amd64 1.8-1fakesync1ubuntu0.24.04.1 [12.7 kB]
real-app-pair	Run five-file control, then 5000-file case	2026-10-11T03:25:07.2249628Z Get:102 http://azure.archive.ubuntu.com/ubuntu noble/universe amd64 libnetpbm11t64 amd64 2:11.05.02-1.1build1 [114 kB]
real-app-pair	Run five-file control, then 5000-file case	2026-10-11T03:25:07.2921216Z Get:103 http://azure.archive.ubuntu.com/ubuntu noble-updates/main amd64 libnfs14 amd64 5.0.2-1ubuntu0.24.04.1 [109 kB]
real-app-pair	Run five-file control, then 5000-file case	2026-10-11T03:25:07.3573421Z Get:104 http://azure.archive.ubuntu.com/ubuntu noble-updates/main amd64 libnm0 amd64 1.46.0-1ubuntu2.8 [481 kB]
real-app-pair	Run five-file control, then 5000-file case	2026-10-11T03:25:07.4308688Z Get:105 http://azure.archive.ubuntu.com/ubuntu noble/universe amd64 libobt2v5 amd64 3.6.1-12build5 [33.3 kB]
real-app-pair	Run five-file control, then 5000-file case	2026-10-11T03:25:07.4949625Z Get:106 http://azure.archive.ubuntu.com/ubuntu noble/main amd64 libpangoxft-1.0-0 amd64 1.52.1+ds-1build1 [20.3 kB]
real-app-pair	Run five-file control, then 5000-file case	2026-10-11T03:25:07.5595333Z Get:107 http://azure.archive.ubuntu.com/ubuntu noble/universe amd64 libobrender32v5 amd64 3.6.1-12build5 [42.5 kB]
real-app-pair	Run five-file control, then 5000-file case	2026-10-11T03:25:07.6239625Z Get:108 http://azure.archive.ubuntu.com/ubuntu noble/main amd64 libpaper-utils amd64 1.1.29build1 [8650 B]
real-app-pair	Run five-file control, then 5000-file case	2026-10-11T03:25:07.6881505Z Get:109 http://azure.archive.ubuntu.com/ubuntu noble/main amd64 libwebrtc-audio-processing1 amd64 0.3.1-0ubuntu6 [290 kB]
real-app-pair	Run five-file control, then 5000-file case	2026-10-11T03:25:07.7571367Z Get:110 http://azure.archive.ubuntu.com/ubuntu noble-updates/main amd64 libspa-0.2-modules amd64 1.0.5-1ubuntu3.3 [628 kB]
real-app-pair	Run five-file control, then 5000-file case	2026-10-11T03:25:07.8329385Z Get:111 http://azure.archive.ubuntu.com/ubuntu noble-updates/main amd64 libpipewire-0.3-0t64 amd64 1.0.5-1ubuntu3.3 [252 kB]
real-app-pair	Run five-file control, then 5000-file case	2026-10-11T03:25:07.9011372Z Get:112 http://azure.archive.ubuntu.com/ubuntu noble-updates/main amd64 libpipewire-0.3-common all 1.0.5-1ubuntu3.3 [19.5 kB]
real-app-pair	Run five-file control, then 5000-file case	2026-10-11T03:25:07.9659929Z Get:113 http://azure.archive.ubuntu.com/ubuntu noble/main amd64 libpmem1 amd64 1.13.1-1.1ubuntu2 [84.8 kB]
real-app-pair	Run five-file control, then 5000-file case	2026-10-11T03:25:08.0311000Z Get:114 http://azure.archive.ubuntu.com/ubuntu noble/main amd64 libpmemobj1 amd64 1.13.1-1.1ubuntu2 [116 kB]
real-app-pair	Run five-file control, then 5000-file case	2026-10-11T03:25:08.0971160Z Get:115 http://azure.archive.ubuntu.com/ubuntu noble-updates/main amd64 librados2 amd64 19.2.3-0ubuntu0.24.04.3 [4041 kB]
real-app-pair	Run five-file control, then 5000-file case	2026-10-11T03:25:08.2424081Z Get:116 http://azure.archive.ubuntu.com/ubuntu noble-updates/main amd64 librbd1 amd64 19.2.3-0ubuntu0.24.04.3 [3413 kB]
real-app-pair	Run five-file control, then 5000-file case	2026-10-11T03:25:08.3697938Z Get:117 http://azure.archive.ubuntu.com/ubuntu noble-updates/main amd64 librsvg2-common amd64 2.58.0+dfsg-1ubuntu0.1 [11.8 kB]
real-app-pair	Run five-file control, then 5000-file case	2026-10-11T03:25:08.4333173Z Get:118 http://azure.archive.ubuntu.com/ubuntu noble-updates/main amd64 libsdl2-2.0-0 amd64 2.30.0+dfsg-1ubuntu3.1 [686 kB]
real-app-pair	Run five-file control, then 5000-file case	2026-10-11T03:25:08.5010588Z Get:119 http://azure.archive.ubuntu.com/ubuntu noble/main amd64 libsecret-common all 0.21.4-1build3 [4962 B]
real-app-pair	Run five-file control, then 5000-file case	2026-10-11T03:25:08.5642595Z Get:120 http://azure.archive.ubuntu.com/ubuntu noble/main amd64 libsecret-1-0 amd64 0.21.4-1build3 [116 kB]
real-app-pair	Run five-file control, then 5000-file case	2026-10-11T03:25:08.6281932Z Get:121 http://azure.archive.ubuntu.com/ubuntu noble/main amd64 libspice-server1 amd64 0.15.1-1build2 [349 kB]
real-app-pair	Run five-file control, then 5000-file case	2026-10-11T03:25:08.6932978Z Get:122 http://azure.archive.ubuntu.com/ubuntu noble/main amd64 libxcb-util1 amd64 0.4.0-1build3 [10.7 kB]
real-app-pair	Run five-file control, then 5000-file case	2026-10-11T03:25:08.7566189Z Get:123 http://azure.archive.ubuntu.com/ubuntu noble/main amd64 libstartup-notification0 amd64 0.12-6build3 [18.4 kB]
real-app-pair	Run five-file control, then 5000-file case	2026-10-11T03:25:08.8199174Z Get:124 http://azure.archive.ubuntu.com/ubuntu noble/main amd64 libteamdctl0 amd64 1.31-1build3 [12.0 kB]
real-app-pair	Run five-file control, then 5000-file case	2026-10-11T03:25:08.8834609Z Get:125 http://azure.archive.ubuntu.com/ubuntu noble/universe amd64 libtesseract5 amd64 5.3.4-1build5 [1291 kB]
real-app-pair	Run five-file control, then 5000-file case	2026-10-11T03:25:08.9555743Z Get:126 http://azure.archive.ubuntu.com/ubuntu noble/main amd64 liburing2 amd64 2.5-1build1 [21.1 kB]
real-app-pair	Run five-file control, then 5000-file case	2026-10-11T03:25:09.0188594Z Get:127 http://azure.archive.ubuntu.com/ubuntu noble/main amd64 libusbredirparser1t64 amd64 0.13.0-2.1build1 [16.5 kB]
real-app-pair	Run five-file control, then 5000-file case	2026-10-11T03:25:09.0832553Z Get:128 http://azure.archive.ubuntu.com/ubuntu noble/main amd64 libvirglrenderer1 amd64 1.0.0-1ubuntu2 [226 kB]
real-app-pair	Run five-file control, then 5000-file case	2026-10-11T03:25:09.1508360Z Get:129 http://azure.archive.ubuntu.com/ubuntu noble-updates/main amd64 libvte-2.91-common amd64 0.76.0-1ubuntu0.1 [13.5 kB]
real-app-pair	Run five-file control, then 5000-file case	2026-10-11T03:25:09.2151608Z Get:130 http://azure.archive.ubuntu.com/ubuntu noble-updates/main amd64 libvte-2.91-0 amd64 0.76.0-1ubuntu0.1 [230 kB]
real-app-pair	Run five-file control, then 5000-file case	2026-10-11T03:25:09.2834021Z Get:131 http://azure.archive.ubuntu.com/ubuntu noble/universe amd64 netpbm amd64 2:11.05.02-1.1build1 [2054 kB]
real-app-pair	Run five-file control, then 5000-file case	2026-10-11T03:25:09.3887452Z Get:132 http://azure.archive.ubuntu.com/ubuntu noble-updates/main amd64 network-manager amd64 1.46.0-1ubuntu2.8 [2330 kB]
real-app-pair	Run five-file control, then 5000-file case	2026-10-11T03:25:09.4994221Z Get:133 http://azure.archive.ubuntu.com/ubuntu noble/main amd64 ppp amd64 2.4.9-1+1.1ubuntu4 [360 kB]
real-app-pair	Run five-file control, then 5000-file case	2026-10-11T03:25:09.5701872Z Get:134 http://azure.archive.ubuntu.com/ubuntu noble/main amd64 pptp-linux amd64 1.10.0-1build4 [39.7 kB]
real-app-pair	Run five-file control, then 5000-file case	2026-10-11T03:25:09.6345882Z Get:135 http://azure.archive.ubuntu.com/ubuntu noble/main amd64 network-manager-pptp amd64 1.2.12-3build2 [34.2 kB]
real-app-pair	Run five-file control, then 5000-file case	2026-10-11T03:25:09.6989981Z Get:136 http://azure.archive.ubuntu.com/ubuntu noble/universe amd64 obconf amd64 1:2.0.4+git20150213-3build1 [136 kB]
real-app-pair	Run five-file control, then 5000-file case	2026-10-11T03:25:09.7650679Z Get:137 http://azure.archive.ubuntu.com/ubuntu noble/universe amd64 openbox amd64 3.6.1-12build5 [304 kB]
real-app-pair	Run five-file control, then 5000-file case	2026-10-11T03:25:09.8346609Z Get:138 http://azure.archive.ubuntu.com/ubuntu noble/main amd64 libfdt1 amd64 1.7.0-2build1 [20.1 kB]
real-app-pair	Run five-file control, then 5000-file case	2026-10-11T03:25:09.8985211Z Get:139 http://azure.archive.ubuntu.com/ubuntu noble-updates/main amd64 qemu-system-common amd64 1:8.2.2+ds-0ubuntu1.18 [1255 kB]
real-app-pair	Run five-file control, then 5000-file case	2026-10-11T03:25:09.9883141Z Get:140 http://azure.archive.ubuntu.com/ubuntu noble-updates/main amd64 qemu-system-data all 1:8.2.2+ds-0ubuntu1.18 [1796 kB]
real-app-pair	Run five-file control, then 5000-file case	2026-10-11T03:25:10.0728007Z Get:141 http://azure.archive.ubuntu.com/ubuntu noble/main amd64 seabios all 1.16.3-2 [175 kB]
real-app-pair	Run five-file control, then 5000-file case	2026-10-11T03:25:10.1372145Z Get:142 http://azure.archive.ubuntu.com/ubuntu noble-updates/main amd64 qemu-system-x86 amd64 1:8.2.2+ds-0ubuntu1.18 [11.2 MB]
real-app-pair	Run five-file control, then 5000-file case	2026-10-11T03:25:10.4242120Z Get:143 http://azure.archive.ubuntu.com/ubuntu noble-updates/main amd64 qemu-utils amd64 1:8.2.2+ds-0ubuntu1.18 [2221 kB]
real-app-pair	Run five-file control, then 5000-file case	2026-10-11T03:25:10.5309244Z Get:144 http://azure.archive.ubuntu.com/ubuntu noble-updates/main amd64 qemu-block-extra amd64 1:8.2.2+ds-0ubuntu1.18 [114 kB]
real-app-pair	Run five-file control, then 5000-file case	2026-10-11T03:25:10.5950690Z Get:145 http://azure.archive.ubuntu.com/ubuntu noble-updates/main amd64 qemu-system-modules-opengl amd64 1:8.2.2+ds-0ubuntu1.18 [186 kB]
real-app-pair	Run five-file control, then 5000-file case	2026-10-11T03:25:10.6605066Z Get:146 http://azure.archive.ubuntu.com/ubuntu noble-updates/main amd64 qemu-system-gui amd64 1:8.2.2+ds-0ubuntu1.18 [312 kB]
real-app-pair	Run five-file control, then 5000-file case	2026-10-11T03:25:10.7287111Z Get:147 http://azure.archive.ubuntu.com/ubuntu noble-updates/main amd64 qemu-system-modules-spice amd64 1:8.2.2+ds-0ubuntu1.18 [70.2 kB]
real-app-pair	Run five-file control, then 5000-file case	2026-10-11T03:25:10.7927121Z Get:148 http://azure.archive.ubuntu.com/ubuntu noble/universe amd64 scrot amd64 1.10-1build2 [71.5 kB]
real-app-pair	Run five-file control, then 5000-file case	2026-10-11T03:25:10.8565268Z Get:149 http://azure.archive.ubuntu.com/ubuntu noble/universe amd64 tesseract-ocr-eng all 1:4.1.0-2 [1818 kB]
real-app-pair	Run five-file control, then 5000-file case	2026-10-11T03:25:10.9544759Z Get:150 http://azure.archive.ubuntu.com/ubuntu noble/universe amd64 tesseract-ocr-osd all 1:4.1.0-2 [3841 kB]
real-app-pair	Run five-file control, then 5000-file case	2026-10-11T03:25:11.0936027Z Get:151 http://azure.archive.ubuntu.com/ubuntu noble/universe amd64 tesseract-ocr amd64 5.3.4-1build5 [328 kB]
real-app-pair	Run five-file control, then 5000-file case	2026-10-11T03:25:11.1618166Z Get:152 http://azure.archive.ubuntu.com/ubuntu noble-updates/main amd64 wireless-regdb all 2026.05.30-0ubuntu1~24.04.1 [7714 B]
real-app-pair	Run five-file control, then 5000-file case	2026-10-11T03:25:11.2251704Z Get:153 http://azure.archive.ubuntu.com/ubuntu noble-updates/main amd64 wpasupplicant amd64 2:2.10-21ubuntu0.4 [1472 kB]
real-app-pair	Run five-file control, then 5000-file case	2026-10-11T03:25:11.3170522Z Get:154 http://azure.archive.ubuntu.com/ubuntu noble/main amd64 cloud-image-utils all 0.33-1 [19.6 kB]
real-app-pair	Run five-file control, then 5000-file case	2026-10-11T03:25:11.3804095Z Get:155 http://azure.archive.ubuntu.com/ubuntu noble/main amd64 libegl1 amd64 1.7.0-1build1 [28.7 kB]
real-app-pair	Run five-file control, then 5000-file case	2026-10-11T03:25:11.4439426Z Get:156 http://azure.archive.ubuntu.com/ubuntu noble/main amd64 libgles2 amd64 1.7.0-1build1 [17.1 kB]
real-app-pair	Run five-file control, then 5000-file case	2026-10-11T03:25:11.5077677Z Get:157 http://azure.archive.ubuntu.com/ubuntu noble/main amd64 libopengl0 amd64 1.7.0-1build1 [32.8 kB]
real-app-pair	Run five-file control, then 5000-file case	2026-10-11T03:25:11.5713868Z Get:158 http://azure.archive.ubuntu.com/ubuntu noble/universe amd64 libxdo3 amd64 1:3.20160805.1-5build1 [22.2 kB]
real-app-pair	Run five-file control, then 5000-file case	2026-10-11T03:25:11.6347428Z Get:159 http://azure.archive.ubuntu.com/ubuntu noble-updates/main amd64 ovmf all 2024.02-2ubuntu0.10 [5188 kB]
real-app-pair	Run five-file control, then 5000-file case	2026-10-11T03:25:11.8007541Z Get:160 http://azure.archive.ubuntu.com/ubuntu noble/universe amd64 xdotool amd64 1:3.20160805.1-5build1 [42.6 kB]
real-app-pair	Run five-file control, then 5000-file case	2026-10-11T03:25:12.1402186Z Preconfiguring packages ...
real-app-pair	Run five-file control, then 5000-file case	2026-10-11T03:25:12.1911153Z Fetched 90.7 MB in 12s (7429 kB/s)
real-app-pair	Run five-file control, then 5000-file case	2026-10-11T03:25:12.2123411Z Selecting previously unselected package fonts-droid-fallback.
real-app-pair	Run five-file control, then 5000-file case	2026-10-11T03:25:12.2319651Z (Reading database ... 
real-app-pair	Run five-file control, then 5000-file case	2026-10-11T03:25:12.2320202Z (Reading database ... 5%
real-app-pair	Run five-file control, then 5000-file case	2026-10-11T03:25:12.2320718Z (Reading database ... 10%
real-app-pair	Run five-file control, then 5000-file case	2026-10-11T03:25:12.2321149Z (Reading database ... 15%
real-app-pair	Run five-file control, then 5000-file case	2026-10-11T03:25:12.2321523Z (Reading database ... 20%
real-app-pair	Run five-file control, then 5000-file case	2026-10-11T03:25:12.2321871Z (Reading database ... 25%
real-app-pair	Run five-file control, then 5000-file case	2026-10-11T03:25:12.2322204Z (Reading database ... 30%
real-app-pair	Run five-file control, then 5000-file case	2026-10-11T03:25:12.2322563Z (Reading database ... 35%
real-app-pair	Run five-file control, then 5000-file case	2026-10-11T03:25:12.2322934Z (Reading database ... 40%
real-app-pair	Run five-file control, then 5000-file case	2026-10-11T03:25:12.2323154Z (Reading database ... 45%
real-app-pair	Run five-file control, then 5000-file case	2026-10-11T03:25:12.2323372Z (Reading database ... 50%
real-app-pair	Run five-file control, then 5000-file case	2026-10-11T03:25:12.2364042Z (Reading database ... 55%
real-app-pair	Run five-file control, then 5000-file case	2026-10-11T03:25:12.3678643Z (Reading database ... 60%
real-app-pair	Run five-file control, then 5000-file case	2026-10-11T03:25:12.5744375Z (Reading database ... 65%
real-app-pair	Run five-file control, then 5000-file case	2026-10-11T03:25:12.7220082Z (Reading database ... 70%
real-app-pair	Run five-file control, then 5000-file case	2026-10-11T03:25:12.9250477Z (Reading database ... 75%
real-app-pair	Run five-file control, then 5000-file case	2026-10-11T03:25:13.0681930Z (Reading database ... 80%
real-app-pair	Run five-file control, then 5000-file case	2026-10-11T03:25:13.2437657Z (Reading database ... 85%
real-app-pair	Run five-file control, then 5000-file case	2026-10-11T03:25:13.3739561Z (Reading database ... 90%
real-app-pair	Run five-file control, then 5000-file case	2026-10-11T03:25:13.5249914Z (Reading database ... 95%
real-app-pair	Run five-file control, then 5000-file case	2026-10-11T03:25:13.5250301Z (Reading database ... 100%
real-app-pair	Run five-file control, then 5000-file case	2026-10-11T03:25:13.5250703Z (Reading database ... 203191 files and directories currently installed.)
real-app-pair	Run five-file control, then 5000-file case	2026-10-11T03:25:13.5293252Z Preparing to unpack .../000-fonts-droid-fallback_1%3a6.0.1r16-1.1build1_all.deb ...
real-app-pair	Run five-file control, then 5000-file case	2026-10-11T03:25:13.5474245Z Unpacking fonts-droid-fallback (1:6.0.1r16-1.1build1) ...
real-app-pair	Run five-file control, then 5000-file case	2026-10-11T03:25:13.6853839Z Selecting previously unselected package poppler-data.
real-app-pair	Run five-file control, then 5000-file case	2026-10-11T03:25:13.6963366Z Preparing to unpack .../001-poppler-data_0.4.12-1_all.deb ...
real-app-pair	Run five-file control, then 5000-file case	2026-10-11T03:25:13.6971805Z Unpacking poppler-data (0.4.12-1) ...
real-app-pair	Run five-file control, then 5000-file case	2026-10-11T03:25:13.7800999Z Selecting previously unselected package session-migration.
real-app-pair	Run five-file control, then 5000-file case	2026-10-11T03:25:13.7911927Z Preparing to unpack .../002-session-migration_0.3.9build1_amd64.deb ...
real-app-pair	Run five-file control, then 5000-file case	2026-10-11T03:25:13.7919464Z Unpacking session-migration (0.3.9build1) ...
real-app-pair	Run five-file control, then 5000-file case	2026-10-11T03:25:13.8086781Z Selecting previously unselected package gsettings-desktop-schemas.
real-app-pair	Run five-file control, then 5000-file case	2026-10-11T03:25:13.8198723Z Preparing to unpack .../003-gsettings-desktop-schemas_46.1-0ubuntu1_all.deb ...
real-app-pair	Run five-file control, then 5000-file case	2026-10-11T03:25:13.8210915Z Unpacking gsettings-desktop-schemas (46.1-0ubuntu1) ...
real-app-pair	Run five-file control, then 5000-file case	2026-10-11T03:25:13.8410493Z Selecting previously unselected package at-spi2-core.
real-app-pair	Run five-file control, then 5000-file case	2026-10-11T03:25:13.8523546Z Preparing to unpack .../004-at-spi2-core_2.52.0-1build1_amd64.deb ...
real-app-pair	Run five-file control, then 5000-file case	2026-10-11T03:25:13.8530624Z Unpacking at-spi2-core (2.52.0-1build1) ...
real-app-pair	Run five-file control, then 5000-file case	2026-10-11T03:25:13.8699209Z Selecting previously unselected package msr-tools.
real-app-pair	Run five-file control, then 5000-file case	2026-10-11T03:25:13.8811475Z Preparing to unpack .../005-msr-tools_1.3-5ubuntu0.1_amd64.deb ...
real-app-pair	Run five-file control, then 5000-file case	2026-10-11T03:25:13.8820381Z Unpacking msr-tools (1.3-5ubuntu0.1) ...
real-app-pair	Run five-file control, then 5000-file case	2026-10-11T03:25:13.8980954Z Selecting previously unselected package cpu-checker.
real-app-pair	Run five-file control, then 5000-file case	2026-10-11T03:25:13.9088850Z Preparing to unpack .../006-cpu-checker_0.7-1.3build2_amd64.deb ...
real-app-pair	Run five-file control, then 5000-file case	2026-10-11T03:25:13.9097717Z Unpacking cpu-checker (0.7-1.3build2) ...
real-app-pair	Run five-file control, then 5000-file case	2026-10-11T03:25:13.9243398Z Selecting previously unselected package dns-root-data.
real-app-pair	Run five-file control, then 5000-file case	2026-10-11T03:25:13.9353193Z Preparing to unpack .../007-dns-root-data_2024071801~ubuntu0.24.04.1_all.deb ...
real-app-pair	Run five-file control, then 5000-file case	2026-10-11T03:25:13.9361417Z Unpacking dns-root-data (2024071801~ubuntu0.24.04.1) ...
real-app-pair	Run five-file control, then 5000-file case	2026-10-11T03:25:13.9515557Z Selecting previously unselected package dnsmasq-base.
real-app-pair	Run five-file control, then 5000-file case	2026-10-11T03:25:13.9626054Z Preparing to unpack .../008-dnsmasq-base_2.91-0ubuntu0.24.04.2_amd64.deb ...
real-app-pair	Run five-file control, then 5000-file case	2026-10-11T03:25:13.9675105Z Unpacking dnsmasq-base (2.91-0ubuntu0.24.04.2) ...
real-app-pair	Run five-file control, then 5000-file case	2026-10-11T03:25:13.9953266Z Selecting previously unselected package fonts-noto-mono.
real-app-pair	Run five-file control, then 5000-file case	2026-10-11T03:25:14.0062644Z Preparing to unpack .../009-fonts-noto-mono_20201225-2_all.deb ...
real-app-pair	Run five-file control, then 5000-file case	2026-10-11T03:25:14.0070882Z Unpacking fonts-noto-mono (20201225-2) ...
real-app-pair	Run five-file control, then 5000-file case	2026-10-11T03:25:14.0269237Z Selecting previously unselected package xfonts-encodings.
real-app-pair	Run five-file control, then 5000-file case	2026-10-11T03:25:14.0378287Z Preparing to unpack .../010-xfonts-encodings_1%3a1.0.5-0ubuntu2_all.deb ...
real-app-pair	Run five-file control, then 5000-file case	2026-10-11T03:25:14.0385771Z Unpacking xfonts-encodings (1:1.0.5-0ubuntu2) ...
real-app-pair	Run five-file control, then 5000-file case	2026-10-11T03:25:14.0581495Z Selecting previously unselected package xfonts-utils.
real-app-pair	Run five-file control, then 5000-file case	2026-10-11T03:25:14.0694468Z Preparing to unpack .../011-xfonts-utils_1%3a7.7+6build3_amd64.deb ...
real-app-pair	Run five-file control, then 5000-file case	2026-10-11T03:25:14.0702183Z Unpacking xfonts-utils (1:7.7+6build3) ...
real-app-pair	Run five-file control, then 5000-file case	2026-10-11T03:25:14.0938713Z Selecting previously unselected package fonts-urw-base35.
real-app-pair	Run five-file control, then 5000-file case	2026-10-11T03:25:14.1050259Z Preparing to unpack .../012-fonts-urw-base35_20200910-8_all.deb ...
real-app-pair	Run five-file control, then 5000-file case	2026-10-11T03:25:14.1557479Z Unpacking fonts-urw-base35 (20200910-8) ...
real-app-pair	Run five-file control, then 5000-file case	2026-10-11T03:25:14.2231830Z Selecting previously unselected package genisoimage.
real-app-pair	Run five-file control, then 5000-file case	2026-10-11T03:25:14.2343830Z Preparing to unpack .../013-genisoimage_9%3a1.1.11-3.5_amd64.deb ...
real-app-pair	Run five-file control, then 5000-file case	2026-10-11T03:25:14.2350951Z Unpacking genisoimage (9:1.1.11-3.5) ...
real-app-pair	Run five-file control, then 5000-file case	2026-10-11T03:25:14.2578017Z Selecting previously unselected package libgs-common.
real-app-pair	Run five-file control, then 5000-file case	2026-10-11T03:25:14.2689720Z Preparing to unpack .../014-libgs-common_10.02.1~dfsg1-0ubuntu7.9_all.deb ...
real-app-pair	Run five-file control, then 5000-file case	2026-10-11T03:25:14.2696438Z Unpacking libgs-common (10.02.1~dfsg1-0ubuntu7.9) ...
real-app-pair	Run five-file control, then 5000-file case	2026-10-11T03:25:14.2858490Z Selecting previously unselected package libgs10-common.
real-app-pair	Run five-file control, then 5000-file case	2026-10-11T03:25:14.2967204Z Preparing to unpack .../015-libgs10-common_10.02.1~dfsg1-0ubuntu7.9_all.deb ...
real-app-pair	Run five-file control, then 5000-file case	2026-10-11T03:25:14.2974007Z Unpacking libgs10-common (10.02.1~dfsg1-0ubuntu7.9) ...
real-app-pair	Run five-file control, then 5000-file case	2026-10-11T03:25:14.3356856Z Selecting previously unselected package libidn12:amd64.
real-app-pair	Run five-file control, then 5000-file case	2026-10-11T03:25:14.3467512Z Preparing to unpack .../016-libidn12_1.42-1ubuntu0.1_amd64.deb ...
real-app-pair	Run five-file control, then 5000-file case	2026-10-11T03:25:14.3481584Z Unpacking libidn12:amd64 (1.42-1ubuntu0.1) ...
real-app-pair	Run five-file control, then 5000-file case	2026-10-11T03:25:14.3629132Z Selecting previously unselected package libijs-0.35:amd64.
real-app-pair	Run five-file control, then 5000-file case	2026-10-11T03:25:14.3739429Z Preparing to unpack .../017-libijs-0.35_0.35-15.1build1_amd64.deb ...
real-app-pair	Run five-file control, then 5000-file case	2026-10-11T03:25:14.3749585Z Unpacking libijs-0.35:amd64 (0.35-15.1build1) ...
real-app-pair	Run five-file control, then 5000-file case	2026-10-11T03:25:14.3891830Z Selecting previously unselected package libjbig2dec0:amd64.
real-app-pair	Run five-file control, then 5000-file case	2026-10-11T03:25:14.4001159Z Preparing to unpack .../018-libjbig2dec0_0.20-1ubuntu0.24.04.1_amd64.deb ...
real-app-pair	Run five-file control, then 5000-file case	2026-10-11T03:25:14.4008261Z Unpacking libjbig2dec0:amd64 (0.20-1ubuntu0.24.04.1) ...
real-app-pair	Run five-file control, then 5000-file case	2026-10-11T03:25:14.4169249Z Selecting previously unselected package libpaper1:amd64.
real-app-pair	Run five-file control, then 5000-file case	2026-10-11T03:25:14.4280609Z Preparing to unpack .../019-libpaper1_1.1.29build1_amd64.deb ...
real-app-pair	Run five-file control, then 5000-file case	2026-10-11T03:25:14.4289436Z Unpacking libpaper1:amd64 (1.1.29build1) ...
real-app-pair	Run five-file control, then 5000-file case	2026-10-11T03:25:14.4440022Z Selecting previously unselected package libgs10:amd64.
real-app-pair	Run five-file control, then 5000-file case	2026-10-11T03:25:14.4551677Z Preparing to unpack .../020-libgs10_10.02.1~dfsg1-0ubuntu7.9_amd64.deb ...
real-app-pair	Run five-file control, then 5000-file case	2026-10-11T03:25:14.4559073Z Unpacking libgs10:amd64 (10.02.1~dfsg1-0ubuntu7.9) ...
real-app-pair	Run five-file control, then 5000-file case	2026-10-11T03:25:14.5410400Z Selecting previously unselected package ghostscript.
real-app-pair	Run five-file control, then 5000-file case	2026-10-11T03:25:14.5518505Z Preparing to unpack .../021-ghostscript_10.02.1~dfsg1-0ubuntu7.9_amd64.deb ...
real-app-pair	Run five-file control, then 5000-file case	2026-10-11T03:25:14.5524433Z Unpacking ghostscript (10.02.1~dfsg1-0ubuntu7.9) ...
real-app-pair	Run five-file control, then 5000-file case	2026-10-11T03:25:14.5723343Z Selecting previously unselected package libproxy1v5:amd64.
real-app-pair	Run five-file control, then 5000-file case	2026-10-11T03:25:14.5833606Z Preparing to unpack .../022-libproxy1v5_0.5.4-4build1_amd64.deb ...
real-app-pair	Run five-file control, then 5000-file case	2026-10-11T03:25:14.5842991Z Unpacking libproxy1v5:amd64 (0.5.4-4build1) ...
real-app-pair	Run five-file control, then 5000-file case	2026-10-11T03:25:14.5988598Z Selecting previously unselected package glib-networking-common.
real-app-pair	Run five-file control, then 5000-file case	2026-10-11T03:25:14.6097875Z Preparing to unpack .../023-glib-networking-common_2.80.0-1build1_all.deb ...
real-app-pair	Run five-file control, then 5000-file case	2026-10-11T03:25:14.6106663Z Unpacking glib-networking-common (2.80.0-1build1) ...
real-app-pair	Run five-file control, then 5000-file case	2026-10-11T03:25:14.6242397Z Selecting previously unselected package glib-networking-services.
real-app-pair	Run five-file control, then 5000-file case	2026-10-11T03:25:14.6354619Z Preparing to unpack .../024-glib-networking-services_2.80.0-1build1_amd64.deb ...
real-app-pair	Run five-file control, then 5000-file case	2026-10-11T03:25:14.6364767Z Unpacking glib-networking-services (2.80.0-1build1) ...
real-app-pair	Run five-file control, then 5000-file case	2026-10-11T03:25:14.6508721Z Selecting previously unselected package glib-networking:amd64.
real-app-pair	Run five-file control, then 5000-file case	2026-10-11T03:25:14.6617022Z Preparing to unpack .../025-glib-networking_2.80.0-1build1_amd64.deb ...
real-app-pair	Run five-file control, then 5000-file case	2026-10-11T03:25:14.6623851Z Unpacking glib-networking:amd64 (2.80.0-1build1) ...
real-app-pair	Run five-file control, then 5000-file case	2026-10-11T03:25:14.6770718Z Selecting previously unselected package libcdparanoia0:amd64.
real-app-pair	Run five-file control, then 5000-file case	2026-10-11T03:25:14.6879046Z Preparing to unpack .../026-libcdparanoia0_3.10.2+debian-14build3_amd64.deb ...
real-app-pair	Run five-file control, then 5000-file case	2026-10-11T03:25:14.6886498Z Unpacking libcdparanoia0:amd64 (3.10.2+debian-14build3) ...
real-app-pair	Run five-file control, then 5000-file case	2026-10-11T03:25:14.7034099Z Selecting previously unselected package liborc-0.4-0t64:amd64.
real-app-pair	Run five-file control, then 5000-file case	2026-10-11T03:25:14.7142962Z Preparing to unpack .../027-liborc-0.4-0t64_1%3a0.4.38-1ubuntu0.1_amd64.deb ...
real-app-pair	Run five-file control, then 5000-file case	2026-10-11T03:25:14.7148360Z Unpacking liborc-0.4-0t64:amd64 (1:0.4.38-1ubuntu0.1) ...
real-app-pair	Run five-file control, then 5000-file case	2026-10-11T03:25:14.7318657Z Selecting previously unselected package libgstreamer-plugins-base1.0-0:amd64.
real-app-pair	Run five-file control, then 5000-file case	2026-10-11T03:25:14.7427697Z Preparing to unpack .../028-libgstreamer-plugins-base1.0-0_1.24.2-1ubuntu0.5_amd64.deb ...
real-app-pair	Run five-file control, then 5000-file case	2026-10-11T03:25:14.7435395Z Unpacking libgstreamer-plugins-base1.0-0:amd64 (1.24.2-1ubuntu0.5) ...
real-app-pair	Run five-file control, then 5000-file case	2026-10-11T03:25:14.7678544Z Selecting previously unselected package libopus0:amd64.
real-app-pair	Run five-file control, then 5000-file case	2026-10-11T03:25:14.7789387Z Preparing to unpack .../029-libopus0_1.4-1build1_amd64.deb ...
real-app-pair	Run five-file control, then 5000-file case	2026-10-11T03:25:14.7796035Z Unpacking libopus0:amd64 (1.4-1build1) ...
real-app-pair	Run five-file control, then 5000-file case	2026-10-11T03:25:14.7955746Z Selecting previously unselected package libtheora0:amd64.
real-app-pair	Run five-file control, then 5000-file case	2026-10-11T03:25:14.8064554Z Preparing to unpack .../030-libtheora0_1.1.1+dfsg.1-16.1build3_amd64.deb ...
real-app-pair	Run five-file control, then 5000-file case	2026-10-11T03:25:14.8069615Z Unpacking libtheora0:amd64 (1.1.1+dfsg.1-16.1build3) ...
real-app-pair	Run five-file control, then 5000-file case	2026-10-11T03:25:14.8240571Z Selecting previously unselected package libvisual-0.4-0:amd64.
real-app-pair	Run five-file control, then 5000-file case	2026-10-11T03:25:14.8349755Z Preparing to unpack .../031-libvisual-0.4-0_0.4.2-2build1_amd64.deb ...
real-app-pair	Run five-file control, then 5000-file case	2026-10-11T03:25:14.8355617Z Unpacking libvisual-0.4-0:amd64 (0.4.2-2build1) ...
real-app-pair	Run five-file control, then 5000-file case	2026-10-11T03:25:14.8524233Z Selecting previously unselected package libvorbisenc2:amd64.
real-app-pair	Run five-file control, then 5000-file case	2026-10-11T03:25:14.8636093Z Preparing to unpack .../032-libvorbisenc2_1.3.7-1build3_amd64.deb ...
real-app-pair	Run five-file control, then 5000-file case	2026-10-11T03:25:14.8644042Z Unpacking libvorbisenc2:amd64 (1.3.7-1build3) ...
real-app-pair	Run five-file control, then 5000-file case	2026-10-11T03:25:14.8806934Z Selecting previously unselected package gstreamer1.0-plugins-base:amd64.
real-app-pair	Run five-file control, then 5000-file case	2026-10-11T03:25:14.8918643Z Preparing to unpack .../033-gstreamer1.0-plugins-base_1.24.2-1ubuntu0.5_amd64.deb ...
real-app-pair	Run five-file control, then 5000-file case	2026-10-11T03:25:14.8926754Z Unpacking gstreamer1.0-plugins-base:amd64 (1.24.2-1ubuntu0.5) ...
real-app-pair	Run five-file control, then 5000-file case	2026-10-11T03:25:14.9165111Z Selecting previously unselected package libaa1:amd64.
real-app-pair	Run five-file control, then 5000-file case	2026-10-11T03:25:14.9275106Z Preparing to unpack .../034-libaa1_1.4p5-51.1_amd64.deb ...
real-app-pair	Run five-file control, then 5000-file case	2026-10-11T03:25:14.9281272Z Unpacking libaa1:amd64 (1.4p5-51.1) ...
real-app-pair	Run five-file control, then 5000-file case	2026-10-11T03:25:14.9426703Z Selecting previously unselected package libraw1394-11:amd64.
real-app-pair	Run five-file control, then 5000-file case	2026-10-11T03:25:14.9535225Z Preparing to unpack .../035-libraw1394-11_2.1.2-2build3_amd64.deb ...
real-app-pair	Run five-file control, then 5000-file case	2026-10-11T03:25:14.9542946Z Unpacking libraw1394-11:amd64 (2.1.2-2build3) ...
real-app-pair	Run five-file control, then 5000-file case	2026-10-11T03:25:14.9684113Z Selecting previously unselected package libavc1394-0:amd64.
real-app-pair	Run five-file control, then 5000-file case	2026-10-11T03:25:14.9796252Z Preparing to unpack .../036-libavc1394-0_0.5.4-5build3_amd64.deb ...
real-app-pair	Run five-file control, then 5000-file case	2026-10-11T03:25:14.9803244Z Unpacking libavc1394-0:amd64 (0.5.4-5build3) ...
real-app-pair	Run five-file control, then 5000-file case	2026-10-11T03:25:14.9943946Z Selecting previously unselected package libcaca0:amd64.
real-app-pair	Run five-file control, then 5000-file case	2026-10-11T03:25:15.0054661Z Preparing to unpack .../037-libcaca0_0.99.beta20-4ubuntu0.2_amd64.deb ...
real-app-pair	Run five-file control, then 5000-file case	2026-10-11T03:25:15.0062464Z Unpacking libcaca0:amd64 (0.99.beta20-4ubuntu0.2) ...
real-app-pair	Run five-file control, then 5000-file case	2026-10-11T03:25:15.0237841Z Selecting previously unselected package libdv4t64:amd64.
real-app-pair	Run five-file control, then 5000-file case	2026-10-11T03:25:15.0347970Z Preparing to unpack .../038-libdv4t64_1.0.0-17.1build1_amd64.deb ...
real-app-pair	Run five-file control, then 5000-file case	2026-10-11T03:25:15.0353557Z Unpacking libdv4t64:amd64 (1.0.0-17.1build1) ...
real-app-pair	Run five-file control, then 5000-file case	2026-10-11T03:25:15.0505112Z Selecting previously unselected package libflac12t64:amd64.
real-app-pair	Run five-file control, then 5000-file case	2026-10-11T03:25:15.0616338Z Preparing to unpack .../039-libflac12t64_1.4.3+ds-2.1ubuntu2_amd64.deb ...
real-app-pair	Run five-file control, then 5000-file case	2026-10-11T03:25:15.0622590Z Unpacking libflac12t64:amd64 (1.4.3+ds-2.1ubuntu2) ...
real-app-pair	Run five-file control, then 5000-file case	2026-10-11T03:25:15.0783568Z Selecting previously unselected package libgstreamer-plugins-good1.0-0:amd64.
real-app-pair	Run five-file control, then 5000-file case	2026-10-11T03:25:15.0894260Z Preparing to unpack .../040-libgstreamer-plugins-good1.0-0_1.24.2-1ubuntu1.8_amd64.deb ...
real-app-pair	Run five-file control, then 5000-file case	2026-10-11T03:25:15.0900788Z Unpacking libgstreamer-plugins-good1.0-0:amd64 (1.24.2-1ubuntu1.8) ...
real-app-pair	Run five-file control, then 5000-file case	2026-10-11T03:25:15.1051792Z Selecting previously unselected package libiec61883-0:amd64.
real-app-pair	Run five-file control, then 5000-file case	2026-10-11T03:25:15.1162858Z Preparing to unpack .../041-libiec61883-0_1.2.0-6build1_amd64.deb ...
real-app-pair	Run five-file control, then 5000-file case	2026-10-11T03:25:15.1168160Z Unpacking libiec61883-0:amd64 (1.2.0-6build1) ...
real-app-pair	Run five-file control, then 5000-file case	2026-10-11T03:25:15.1317385Z Selecting previously unselected package libmp3lame0:amd64.
real-app-pair	Run five-file control, then 5000-file case	2026-10-11T03:25:15.1428147Z Preparing to unpack .../042-libmp3lame0_3.100-6build1_amd64.deb ...
real-app-pair	Run five-file control, then 5000-file case	2026-10-11T03:25:15.1433838Z Unpacking libmp3lame0:amd64 (3.100-6build1) ...
real-app-pair	Run five-file control, then 5000-file case	2026-10-11T03:25:15.1586508Z Selecting previously unselected package libmpg123-0t64:amd64.
real-app-pair	Run five-file control, then 5000-file case	2026-10-11T03:25:15.1697554Z Preparing to unpack .../043-libmpg123-0t64_1.32.5-1ubuntu1.1_amd64.deb ...
real-app-pair	Run five-file control, then 5000-file case	2026-10-11T03:25:15.1704089Z Unpacking libmpg123-0t64:amd64 (1.32.5-1ubuntu1.1) ...
real-app-pair	Run five-file control, then 5000-file case	2026-10-11T03:25:15.1863190Z Selecting previously unselected package libasyncns0:amd64.
real-app-pair	Run five-file control, then 5000-file case	2026-10-11T03:25:15.1973096Z Preparing to unpack .../044-libasyncns0_0.8-6build4_amd64.deb ...
real-app-pair	Run five-file control, then 5000-file case	2026-10-11T03:25:15.1979368Z Unpacking libasyncns0:amd64 (0.8-6build4) ...
real-app-pair	Run five-file control, then 5000-file case	2026-10-11T03:25:15.2112929Z Selecting previously unselected package libsndfile1:amd64.
real-app-pair	Run five-file control, then 5000-file case	2026-10-11T03:25:15.2222209Z Preparing to unpack .../045-libsndfile1_1.2.2-1ubuntu5.24.04.1_amd64.deb ...
real-app-pair	Run five-file control, then 5000-file case	2026-10-11T03:25:15.2227973Z Unpacking libsndfile1:amd64 (1.2.2-1ubuntu5.24.04.1) ...
real-app-pair	Run five-file control, then 5000-file case	2026-10-11T03:25:15.2400535Z Selecting previously unselected package libpulse0:amd64.
real-app-pair	Run five-file control, then 5000-file case	2026-10-11T03:25:15.2509818Z Preparing to unpack .../046-libpulse0_1%3a16.1+dfsg1-2ubuntu10.1_amd64.deb ...
real-app-pair	Run five-file control, then 5000-file case	2026-10-11T03:25:15.2557381Z Unpacking libpulse0:amd64 (1:16.1+dfsg1-2ubuntu10.1) ...
real-app-pair	Run five-file control, then 5000-file case	2026-10-11T03:25:15.2725324Z Selecting previously unselected package libspeex1:amd64.
real-app-pair	Run five-file control, then 5000-file case	2026-10-11T03:25:15.2836189Z Preparing to unpack .../047-libspeex1_1.2.1-2ubuntu2.24.04.1_amd64.deb ...
real-app-pair	Run five-file control, then 5000-file case	2026-10-11T03:25:15.2842239Z Unpacking libspeex1:amd64 (1.2.1-2ubuntu2.24.04.1) ...
real-app-pair	Run five-file control, then 5000-file case	2026-10-11T03:25:15.2990995Z Selecting previously unselected package libshout3:amd64.
real-app-pair	Run five-file control, then 5000-file case	2026-10-11T03:25:15.3100616Z Preparing to unpack .../048-libshout3_2.4.6-1build2_amd64.deb ...
real-app-pair	Run five-file control, then 5000-file case	2026-10-11T03:25:15.3105797Z Unpacking libshout3:amd64 (2.4.6-1build2) ...
real-app-pair	Run five-file control, then 5000-file case	2026-10-11T03:25:15.3253346Z Selecting previously unselected package libtag1v5-vanilla:amd64.
real-app-pair	Run five-file control, then 5000-file case	2026-10-11T03:25:15.3363567Z Preparing to unpack .../049-libtag1v5-vanilla_1.13.1-1build1_amd64.deb ...
real-app-pair	Run five-file control, then 5000-file case	2026-10-11T03:25:15.3368802Z Unpacking libtag1v5-vanilla:amd64 (1.13.1-1build1) ...
real-app-pair	Run five-file control, then 5000-file case	2026-10-11T03:25:15.3534555Z Selecting previously unselected package libtag1v5:amd64.
real-app-pair	Run five-file control, then 5000-file case	2026-10-11T03:25:15.3644021Z Preparing to unpack .../050-libtag1v5_1.13.1-1build1_amd64.deb ...
real-app-pair	Run five-file control, then 5000-file case	2026-10-11T03:25:15.3648285Z Unpacking libtag1v5:amd64 (1.13.1-1build1) ...
real-app-pair	Run five-file control, then 5000-file case	2026-10-11T03:25:15.3786353Z Selecting previously unselected package libtwolame0:amd64.
real-app-pair	Run five-file control, then 5000-file case	2026-10-11T03:25:15.3897133Z Preparing to unpack .../051-libtwolame0_0.4.0-2build3_amd64.deb ...
real-app-pair	Run five-file control, then 5000-file case	2026-10-11T03:25:15.3903959Z Unpacking libtwolame0:amd64 (0.4.0-2build3) ...
real-app-pair	Run five-file control, then 5000-file case	2026-10-11T03:25:15.4052683Z Selecting previously unselected package libv4lconvert0t64:amd64.
real-app-pair	Run five-file control, then 5000-file case	2026-10-11T03:25:15.4164794Z Preparing to unpack .../052-libv4lconvert0t64_1.26.1-4build3_amd64.deb ...
real-app-pair	Run five-file control, then 5000-file case	2026-10-11T03:25:15.4169424Z Unpacking libv4lconvert0t64:amd64 (1.26.1-4build3) ...
real-app-pair	Run five-file control, then 5000-file case	2026-10-11T03:25:15.4319440Z Selecting previously unselected package libv4l-0t64:amd64.
real-app-pair	Run five-file control, then 5000-file case	2026-10-11T03:25:15.4428414Z Preparing to unpack .../053-libv4l-0t64_1.26.1-4build3_amd64.deb ...
real-app-pair	Run five-file control, then 5000-file case	2026-10-11T03:25:15.4437794Z Unpacking libv4l-0t64:amd64 (1.26.1-4build3) ...
real-app-pair	Run five-file control, then 5000-file case	2026-10-11T03:25:15.4585948Z Selecting previously unselected package libvpx9:amd64.
real-app-pair	Run five-file control, then 5000-file case	2026-10-11T03:25:15.4694683Z Preparing to unpack .../054-libvpx9_1.14.0-1ubuntu2.3_amd64.deb ...
real-app-pair	Run five-file control, then 5000-file case	2026-10-11T03:25:15.4699741Z Unpacking libvpx9:amd64 (1.14.0-1ubuntu2.3) ...
real-app-pair	Run five-file control, then 5000-file case	2026-10-11T03:25:15.4959909Z Selecting previously unselected package libwavpack1:amd64.
real-app-pair	Run five-file control, then 5000-file case	2026-10-11T03:25:15.5070754Z Preparing to unpack .../055-libwavpack1_5.6.0-1build1_amd64.deb ...
real-app-pair	Run five-file control, then 5000-file case	2026-10-11T03:25:15.5077288Z Unpacking libwavpack1:amd64 (5.6.0-1build1) ...
real-app-pair	Run five-file control, then 5000-file case	2026-10-11T03:25:15.5217401Z Selecting previously unselected package libsoup-3.0-common.
real-app-pair	Run five-file control, then 5000-file case	2026-10-11T03:25:15.5325804Z Preparing to unpack .../056-libsoup-3.0-common_3.4.4-5ubuntu0.9_all.deb ...
real-app-pair	Run five-file control, then 5000-file case	2026-10-11T03:25:15.5331088Z Unpacking libsoup-3.0-common (3.4.4-5ubuntu0.9) ...
real-app-pair	Run five-file control, then 5000-file case	2026-10-11T03:25:15.5466424Z Selecting previously unselected package libsoup-3.0-0:amd64.
real-app-pair	Run five-file control, then 5000-file case	2026-10-11T03:25:15.5576937Z Preparing to unpack .../057-libsoup-3.0-0_3.4.4-5ubuntu0.9_amd64.deb ...
real-app-pair	Run five-file control, then 5000-file case	2026-10-11T03:25:15.5582189Z Unpacking libsoup-3.0-0:amd64 (3.4.4-5ubuntu0.9) ...
real-app-pair	Run five-file control, then 5000-file case	2026-10-11T03:25:15.5745105Z Selecting previously unselected package gstreamer1.0-plugins-good:amd64.
real-app-pair	Run five-file control, then 5000-file case	2026-10-11T03:25:15.5855150Z Preparing to unpack .../058-gstreamer1.0-plugins-good_1.24.2-1ubuntu1.8_amd64.deb ...
real-app-pair	Run five-file control, then 5000-file case	2026-10-11T03:25:15.5860492Z Unpacking gstreamer1.0-plugins-good:amd64 (1.24.2-1ubuntu1.8) ...
real-app-pair	Run five-file control, then 5000-file case	2026-10-11T03:25:15.6288857Z Selecting previously unselected package libxv1:amd64.
real-app-pair	Run five-file control, then 5000-file case	2026-10-11T03:25:15.6399444Z Preparing to unpack .../059-libxv1_2%3a1.0.11-1.1build1_amd64.deb ...
real-app-pair	Run five-file control, then 5000-file case	2026-10-11T03:25:15.6405068Z Unpacking libxv1:amd64 (2:1.0.11-1.1build1) ...
real-app-pair	Run five-file control, then 5000-file case	2026-10-11T03:25:15.6542271Z Selecting previously unselected package gstreamer1.0-x:amd64.
real-app-pair	Run five-file control, then 5000-file case	2026-10-11T03:25:15.6657941Z Preparing to unpack .../060-gstreamer1.0-x_1.24.2-1ubuntu0.5_amd64.deb ...
real-app-pair	Run five-file control, then 5000-file case	2026-10-11T03:25:15.6698204Z Unpacking gstreamer1.0-x:amd64 (1.24.2-1ubuntu0.5) ...
real-app-pair	Run five-file control, then 5000-file case	2026-10-11T03:25:15.6922375Z Selecting previously unselected package imagemagick-6.q16.
real-app-pair	Run five-file control, then 5000-file case	2026-10-11T03:25:15.7034393Z Preparing to unpack .../061-imagemagick-6.q16_8%3a6.9.12.98+dfsg1-5.2build2_amd64.deb ...
real-app-pair	Run five-file control, then 5000-file case	2026-10-11T03:25:15.7041511Z Unpacking imagemagick-6.q16 (8:6.9.12.98+dfsg1-5.2build2) ...
real-app-pair	Run five-file control, then 5000-file case	2026-10-11T03:25:15.7292287Z Selecting previously unselected package imagemagick.
real-app-pair	Run five-file control, then 5000-file case	2026-10-11T03:25:15.7402193Z Preparing to unpack .../062-imagemagick_8%3a6.9.12.98+dfsg1-5.2build2_amd64.deb ...
real-app-pair	Run five-file control, then 5000-file case	2026-10-11T03:25:15.7409064Z Unpacking imagemagick (8:6.9.12.98+dfsg1-5.2build2) ...
real-app-pair	Run five-file control, then 5000-file case	2026-10-11T03:25:15.7540399Z Selecting previously unselected package ipxe-qemu.
real-app-pair	Run five-file control, then 5000-file case	2026-10-11T03:25:15.7648341Z Preparing to unpack .../063-ipxe-qemu_1.21.1+git-20220113.fbbdc3926-0ubuntu2_all.deb ...
real-app-pair	Run five-file control, then 5000-file case	2026-10-11T03:25:15.7657294Z Unpacking ipxe-qemu (1.21.1+git-20220113.fbbdc3926-0ubuntu2) ...
real-app-pair	Run five-file control, then 5000-file case	2026-10-11T03:25:15.7915967Z Selecting previously unselected package ipxe-qemu-256k-compat-efi-roms.
real-app-pair	Run five-file control, then 5000-file case	2026-10-11T03:25:15.8024167Z Preparing to unpack .../064-ipxe-qemu-256k-compat-efi-roms_1.0.0+git-20150424.a25a16d-0ubuntu5_all.deb ...
real-app-pair	Run five-file control, then 5000-file case	2026-10-11T03:25:15.8031580Z Unpacking ipxe-qemu-256k-compat-efi-roms (1.0.0+git-20150424.a25a16d-0ubuntu5) ...
real-app-pair	Run five-file control, then 5000-file case	2026-10-11T03:25:15.8207821Z Selecting previously unselected package libayatana-ido3-0.4-0:amd64.
real-app-pair	Run five-file control, then 5000-file case	2026-10-11T03:25:15.8317490Z Preparing to unpack .../065-libayatana-ido3-0.4-0_0.10.1-1build2_amd64.deb ...
real-app-pair	Run five-file control, then 5000-file case	2026-10-11T03:25:15.8323094Z Unpacking libayatana-ido3-0.4-0:amd64 (0.10.1-1build2) ...
real-app-pair	Run five-file control, then 5000-file case	2026-10-11T03:25:15.8467693Z Selecting previously unselected package libayatana-indicator3-7:amd64.
real-app-pair	Run five-file control, then 5000-file case	2026-10-11T03:25:15.8578563Z Preparing to unpack .../066-libayatana-indicator3-7_0.9.4-1build1_amd64.deb ...
real-app-pair	Run five-file control, then 5000-file case	2026-10-11T03:25:15.8584261Z Unpacking libayatana-indicator3-7:amd64 (0.9.4-1build1) ...
real-app-pair	Run five-file control, then 5000-file case	2026-10-11T03:25:15.8727769Z Selecting previously unselected package libayatana-appindicator3-1.
real-app-pair	Run five-file control, then 5000-file case	2026-10-11T03:25:15.8838746Z Preparing to unpack .../067-libayatana-appindicator3-1_0.5.93-1build3_amd64.deb ...
real-app-pair	Run five-file control, then 5000-file case	2026-10-11T03:25:15.8843908Z Unpacking libayatana-appindicator3-1 (0.5.93-1build3) ...
real-app-pair	Run five-file control, then 5000-file case	2026-10-11T03:25:15.8985173Z Selecting previously unselected package libbluetooth3:amd64.
real-app-pair	Run five-file control, then 5000-file case	2026-10-11T03:25:15.9097817Z Preparing to unpack .../068-libbluetooth3_5.72-0ubuntu5.7_amd64.deb ...
real-app-pair	Run five-file control, then 5000-file case	2026-10-11T03:25:15.9103609Z Unpacking libbluetooth3:amd64 (5.72-0ubuntu5.7) ...
real-app-pair	Run five-file control, then 5000-file case	2026-10-11T03:25:15.9252577Z Selecting previously unselected package libboost-iostreams1.83.0:amd64.
real-app-pair	Run five-file control, then 5000-file case	2026-10-11T03:25:15.9360808Z Preparing to unpack .../069-libboost-iostreams1.83.0_1.83.0-2.1ubuntu3.2_amd64.deb ...
real-app-pair	Run five-file control, then 5000-file case	2026-10-11T03:25:15.9366416Z Unpacking libboost-iostreams1.83.0:amd64 (1.83.0-2.1ubuntu3.2) ...
real-app-pair	Run five-file control, then 5000-file case	2026-10-11T03:25:15.9556749Z Selecting previously unselected package libboost-thread1.83.0:amd64.
real-app-pair	Run five-file control, then 5000-file case	2026-10-11T03:25:15.9667176Z Preparing to unpack .../070-libboost-thread1.83.0_1.83.0-2.1ubuntu3.2_amd64.deb ...
real-app-pair	Run five-file control, then 5000-file case	2026-10-11T03:25:15.9675227Z Unpacking libboost-thread1.83.0:amd64 (1.83.0-2.1ubuntu3.2) ...
real-app-pair	Run five-file control, then 5000-file case	2026-10-11T03:25:15.9872877Z Selecting previously unselected package libbrlapi0.8:amd64.
real-app-pair	Run five-file control, then 5000-file case	2026-10-11T03:25:15.9982060Z Preparing to unpack .../071-libbrlapi0.8_6.6-4ubuntu5_amd64.deb ...
real-app-pair	Run five-file control, then 5000-file case	2026-10-11T03:25:15.9987667Z Unpacking libbrlapi0.8:amd64 (6.6-4ubuntu5) ...
real-app-pair	Run five-file control, then 5000-file case	2026-10-11T03:25:16.0166985Z Selecting previously unselected package libpcsclite1:amd64.
real-app-pair	Run five-file control, then 5000-file case	2026-10-11T03:25:16.0278348Z Preparing to unpack .../072-libpcsclite1_2.0.3-1build1_amd64.deb ...
real-app-pair	Run five-file control, then 5000-file case	2026-10-11T03:25:16.0291244Z Unpacking libpcsclite1:amd64 (2.0.3-1build1) ...
real-app-pair	Run five-file control, then 5000-file case	2026-10-11T03:25:16.0435906Z Selecting previously unselected package libcacard0:amd64.
real-app-pair	Run five-file control, then 5000-file case	2026-10-11T03:25:16.0547487Z Preparing to unpack .../073-libcacard0_1%3a2.8.0-3build4_amd64.deb ...
real-app-pair	Run five-file control, then 5000-file case	2026-10-11T03:25:16.0553270Z Unpacking libcacard0:amd64 (1:2.8.0-3build4) ...
real-app-pair	Run five-file control, then 5000-file case	2026-10-11T03:25:16.0698377Z Selecting previously unselected package libdaxctl1:amd64.
real-app-pair	Run five-file control, then 5000-file case	2026-10-11T03:25:16.0809244Z Preparing to unpack .../074-libdaxctl1_77-2ubuntu2_amd64.deb ...
real-app-pair	Run five-file control, then 5000-file case	2026-10-11T03:25:16.0815327Z Unpacking libdaxctl1:amd64 (77-2ubuntu2) ...
real-app-pair	Run five-file control, then 5000-file case	2026-10-11T03:25:16.0957229Z Selecting previously unselected package libdecor-0-0:amd64.
real-app-pair	Run five-file control, then 5000-file case	2026-10-11T03:25:16.1067044Z Preparing to unpack .../075-libdecor-0-0_0.2.2-1build2_amd64.deb ...
real-app-pair	Run five-file control, then 5000-file case	2026-10-11T03:25:16.1075292Z Unpacking libdecor-0-0:amd64 (0.2.2-1build2) ...
real-app-pair	Run five-file control, then 5000-file case	2026-10-11T03:25:16.1212465Z Selecting previously unselected package libdecor-0-plugin-1-gtk:amd64.
real-app-pair	Run five-file control, then 5000-file case	2026-10-11T03:25:16.1322927Z Preparing to unpack .../076-libdecor-0-plugin-1-gtk_0.2.2-1build2_amd64.deb ...
real-app-pair	Run five-file control, then 5000-file case	2026-10-11T03:25:16.1328252Z Unpacking libdecor-0-plugin-1-gtk:amd64 (0.2.2-1build2) ...
real-app-pair	Run five-file control, then 5000-file case	2026-10-11T03:25:16.1462989Z Selecting previously unselected package libdjvulibre-text.
real-app-pair	Run five-file control, then 5000-file case	2026-10-11T03:25:16.1575085Z Preparing to unpack .../077-libdjvulibre-text_3.5.28-2ubuntu0.24.04.2_all.deb ...
real-app-pair	Run five-file control, then 5000-file case	2026-10-11T03:25:16.1580411Z Unpacking libdjvulibre-text (3.5.28-2ubuntu0.24.04.2) ...
real-app-pair	Run five-file control, then 5000-file case	2026-10-11T03:25:16.1743695Z Selecting previously unselected package libdjvulibre21:amd64.
real-app-pair	Run five-file control, then 5000-file case	2026-10-11T03:25:16.1856006Z Preparing to unpack .../078-libdjvulibre21_3.5.28-2ubuntu0.24.04.2_amd64.deb ...
real-app-pair	Run five-file control, then 5000-file case	2026-10-11T03:25:16.1862525Z Unpacking libdjvulibre21:amd64 (3.5.28-2ubuntu0.24.04.2) ...
real-app-pair	Run five-file control, then 5000-file case	2026-10-11T03:25:16.2069213Z Selecting previously unselected package libegl-mesa0:amd64.
real-app-pair	Run five-file control, then 5000-file case	2026-10-11T03:25:16.2179746Z Preparing to unpack .../079-libegl-mesa0_25.2.8-0ubuntu0.24.04.4_amd64.deb ...
real-app-pair	Run five-file control, then 5000-file case	2026-10-11T03:25:16.2185488Z Unpacking libegl-mesa0:amd64 (25.2.8-0ubuntu0.24.04.4) ...
real-app-pair	Run five-file control, then 5000-file case	2026-10-11T03:25:16.2345251Z Selecting previously unselected package libgif7:amd64.
real-app-pair	Run five-file control, then 5000-file case	2026-10-11T03:25:16.2455495Z Preparing to unpack .../080-libgif7_5.2.2-1ubuntu1.2_amd64.deb ...
real-app-pair	Run five-file control, then 5000-file case	2026-10-11T03:25:16.2461553Z Unpacking libgif7:amd64 (5.2.2-1ubuntu1.2) ...
real-app-pair	Run five-file control, then 5000-file case	2026-10-11T03:25:16.2763290Z Selecting previously unselected package libhwy1t64:amd64.
real-app-pair	Run five-file control, then 5000-file case	2026-10-11T03:25:16.2877848Z Preparing to unpack .../081-libhwy1t64_1.0.7-8.1build1_amd64.deb ...
real-app-pair	Run five-file control, then 5000-file case	2026-10-11T03:25:16.2884445Z Unpacking libhwy1t64:amd64 (1.0.7-8.1build1) ...
real-app-pair	Run five-file control, then 5000-file case	2026-10-11T03:25:16.3128208Z Selecting previously unselected package libid3tag0:amd64.
real-app-pair	Run five-file control, then 5000-file case	2026-10-11T03:25:16.3236015Z Preparing to unpack .../082-libid3tag0_0.15.1b-14build1_amd64.deb ...
real-app-pair	Run five-file control, then 5000-file case	2026-10-11T03:25:16.3242087Z Unpacking libid3tag0:amd64 (0.15.1b-14build1) ...
real-app-pair	Run five-file control, then 5000-file case	2026-10-11T03:25:16.3413243Z Selecting previously unselected package libimath-3-1-29t64:amd64.
real-app-pair	Run five-file control, then 5000-file case	2026-10-11T03:25:16.3522992Z Preparing to unpack .../083-libimath-3-1-29t64_3.1.9-3.1ubuntu2_amd64.deb ...
real-app-pair	Run five-file control, then 5000-file case	2026-10-11T03:25:16.3531324Z Unpacking libimath-3-1-29t64:amd64 (3.1.9-3.1ubuntu2) ...
real-app-pair	Run five-file control, then 5000-file case	2026-10-11T03:25:16.3687909Z Selecting previously unselected package libjxl0.7:amd64.
real-app-pair	Run five-file control, then 5000-file case	2026-10-11T03:25:16.3798771Z Preparing to unpack .../084-libjxl0.7_0.7.0-10.2ubuntu6.1_amd64.deb ...
real-app-pair	Run five-file control, then 5000-file case	2026-10-11T03:25:16.3804528Z Unpacking libjxl0.7:amd64 (0.7.0-10.2ubuntu6.1) ...
real-app-pair	Run five-file control, then 5000-file case	2026-10-11T03:25:16.4074726Z Selecting previously unselected package librsvg2-2:amd64.
real-app-pair	Run five-file control, then 5000-file case	2026-10-11T03:25:16.4184029Z Preparing to unpack .../085-librsvg2-2_2.58.0+dfsg-1ubuntu0.1_amd64.deb ...
real-app-pair	Run five-file control, then 5000-file case	2026-10-11T03:25:16.4190800Z Unpacking librsvg2-2:amd64 (2.58.0+dfsg-1ubuntu0.1) ...
real-app-pair	Run five-file control, then 5000-file case	2026-10-11T03:25:16.4567658Z Selecting previously unselected package libspectre1:amd64.
real-app-pair	Run five-file control, then 5000-file case	2026-10-11T03:25:16.4677259Z Preparing to unpack .../086-libspectre1_0.2.12-1build2_amd64.deb ...
real-app-pair	Run five-file control, then 5000-file case	2026-10-11T03:25:16.4685833Z Unpacking libspectre1:amd64 (0.2.12-1build2) ...
real-app-pair	Run five-file control, then 5000-file case	2026-10-11T03:25:16.4838328Z Selecting previously unselected package libimlib2t64:amd64.
real-app-pair	Run five-file control, then 5000-file case	2026-10-11T03:25:16.4947863Z Preparing to unpack .../087-libimlib2t64_1.12.1-1.1build2_amd64.deb ...
real-app-pair	Run five-file control, then 5000-file case	2026-10-11T03:25:16.4954881Z Unpacking libimlib2t64:amd64 (1.12.1-1.1build2) ...
real-app-pair	Run five-file control, then 5000-file case	2026-10-11T03:25:16.5143568Z Selecting previously unselected package librdmacm1t64:amd64.
real-app-pair	Run five-file control, then 5000-file case	2026-10-11T03:25:16.5254725Z Preparing to unpack .../088-librdmacm1t64_50.0-2ubuntu0.2_amd64.deb ...
real-app-pair	Run five-file control, then 5000-file case	2026-10-11T03:25:16.5260800Z Unpacking librdmacm1t64:amd64 (50.0-2ubuntu0.2) ...
real-app-pair	Run five-file control, then 5000-file case	2026-10-11T03:25:16.5416635Z Selecting previously unselected package libiscsi7:amd64.
real-app-pair	Run five-file control, then 5000-file case	2026-10-11T03:25:16.5525733Z Preparing to unpack .../089-libiscsi7_1.19.0-3build4_amd64.deb ...
real-app-pair	Run five-file control, then 5000-file case	2026-10-11T03:25:16.5530808Z Unpacking libiscsi7:amd64 (1.19.0-3build4) ...
real-app-pair	Run five-file control, then 5000-file case	2026-10-11T03:25:16.5677231Z Selecting previously unselected package libsamplerate0:amd64.
real-app-pair	Run five-file control, then 5000-file case	2026-10-11T03:25:16.5786265Z Preparing to unpack .../090-libsamplerate0_0.2.2-4build1_amd64.deb ...
real-app-pair	Run five-file control, then 5000-file case	2026-10-11T03:25:16.5791155Z Unpacking libsamplerate0:amd64 (0.2.2-4build1) ...
real-app-pair	Run five-file control, then 5000-file case	2026-10-11T03:25:16.5982605Z Selecting previously unselected package libjack-jackd2-0:amd64.
real-app-pair	Run five-file control, then 5000-file case	2026-10-11T03:25:16.6091565Z Preparing to unpack .../091-libjack-jackd2-0_1.9.21~dfsg-3ubuntu3_amd64.deb ...
real-app-pair	Run five-file control, then 5000-file case	2026-10-11T03:25:16.6098266Z Unpacking libjack-jackd2-0:amd64 (1.9.21~dfsg-3ubuntu3) ...
real-app-pair	Run five-file control, then 5000-file case	2026-10-11T03:25:16.6287285Z Selecting previously unselected package libjxr0t64:amd64.
real-app-pair	Run five-file control, then 5000-file case	2026-10-11T03:25:16.6396202Z Preparing to unpack .../092-libjxr0t64_1.2~git20170615.f752187-5.1ubuntu2_amd64.deb ...
real-app-pair	Run five-file control, then 5000-file case	2026-10-11T03:25:16.6401828Z Unpacking libjxr0t64:amd64 (1.2~git20170615.f752187-5.1ubuntu2) ...
real-app-pair	Run five-file control, then 5000-file case	2026-10-11T03:25:16.6555942Z Selecting previously unselected package libjxr-tools.
real-app-pair	Run five-file control, then 5000-file case	2026-10-11T03:25:16.6666087Z Preparing to unpack .../093-libjxr-tools_1.2~git20170615.f752187-5.1ubuntu2_amd64.deb ...
real-app-pair	Run five-file control, then 5000-file case	2026-10-11T03:25:16.6671884Z Unpacking libjxr-tools (1.2~git20170615.f752187-5.1ubuntu2) ...
real-app-pair	Run five-file control, then 5000-file case	2026-10-11T03:25:16.6815083Z Selecting previously unselected package liblept5:amd64.
real-app-pair	Run five-file control, then 5000-file case	2026-10-11T03:25:16.6924443Z Preparing to unpack .../094-liblept5_1.82.0-3build4_amd64.deb ...
real-app-pair	Run five-file control, then 5000-file case	2026-10-11T03:25:16.6931051Z Unpacking liblept5:amd64 (1.82.0-3build4) ...
real-app-pair	Run five-file control, then 5000-file case	2026-10-11T03:25:16.7176024Z Selecting previously unselected package libopenexr-3-1-30:amd64.
real-app-pair	Run five-file control, then 5000-file case	2026-10-11T03:25:16.7288553Z Preparing to unpack .../095-libopenexr-3-1-30_3.1.5-5.1build3_amd64.deb ...
real-app-pair	Run five-file control, then 5000-file case	2026-10-11T03:25:16.7293847Z Unpacking libopenexr-3-1-30:amd64 (3.1.5-5.1build3) ...
real-app-pair	Run five-file control, then 5000-file case	2026-10-11T03:25:16.7581472Z Selecting previously unselected package libwmflite-0.2-7:amd64.
real-app-pair	Run five-file control, then 5000-file case	2026-10-11T03:25:16.7691508Z Preparing to unpack .../096-libwmflite-0.2-7_0.2.13-1.1build3_amd64.deb ...
real-app-pair	Run five-file control, then 5000-file case	2026-10-11T03:25:16.7698173Z Unpacking libwmflite-0.2-7:amd64 (0.2.13-1.1build3) ...
real-app-pair	Run five-file control, then 5000-file case	2026-10-11T03:25:16.7845499Z Selecting previously unselected package libmagickcore-6.q16-7-extra:amd64.
real-app-pair	Run five-file control, then 5000-file case	2026-10-11T03:25:16.7954733Z Preparing to unpack .../097-libmagickcore-6.q16-7-extra_8%3a6.9.12.98+dfsg1-5.2build2_amd64.deb ...
real-app-pair	Run five-file control, then 5000-file case	2026-10-11T03:25:16.7960563Z Unpacking libmagickcore-6.q16-7-extra:amd64 (8:6.9.12.98+dfsg1-5.2build2) ...
real-app-pair	Run five-file control, then 5000-file case	2026-10-11T03:25:16.8131123Z Selecting previously unselected package libndctl6:amd64.
real-app-pair	Run five-file control, then 5000-file case	2026-10-11T03:25:16.8241323Z Preparing to unpack .../098-libndctl6_77-2ubuntu2_amd64.deb ...
real-app-pair	Run five-file control, then 5000-file case	2026-10-11T03:25:16.8246538Z Unpacking libndctl6:amd64 (77-2ubuntu2) ...
real-app-pair	Run five-file control, then 5000-file case	2026-10-11T03:25:16.8397412Z Selecting previously unselected package libndp0:amd64.
real-app-pair	Run five-file control, then 5000-file case	2026-10-11T03:25:16.8509965Z Preparing to unpack .../099-libndp0_1.8-1fakesync1ubuntu0.24.04.1_amd64.deb ...
real-app-pair	Run five-file control, then 5000-file case	2026-10-11T03:25:16.8515611Z Unpacking libndp0:amd64 (1.8-1fakesync1ubuntu0.24.04.1) ...
real-app-pair	Run five-file control, then 5000-file case	2026-10-11T03:25:16.8657873Z Selecting previously unselected package libnetpbm11t64:amd64.
real-app-pair	Run five-file control, then 5000-file case	2026-10-11T03:25:16.8768267Z Preparing to unpack .../100-libnetpbm11t64_2%3a11.05.02-1.1build1_amd64.deb ...
real-app-pair	Run five-file control, then 5000-file case	2026-10-11T03:25:16.8783799Z Unpacking libnetpbm11t64:amd64 (2:11.05.02-1.1build1) ...
real-app-pair	Run five-file control, then 5000-file case	2026-10-11T03:25:16.8939560Z Selecting previously unselected package libnfs14:amd64.
real-app-pair	Run five-file control, then 5000-file case	2026-10-11T03:25:16.9049760Z Preparing to unpack .../101-libnfs14_5.0.2-1ubuntu0.24.04.1_amd64.deb ...
real-app-pair	Run five-file control, then 5000-file case	2026-10-11T03:25:16.9056813Z Unpacking libnfs14:amd64 (5.0.2-1ubuntu0.24.04.1) ...
real-app-pair	Run five-file control, then 5000-file case	2026-10-11T03:25:16.9217013Z Selecting previously unselected package libnm0:amd64.
real-app-pair	Run five-file control, then 5000-file case	2026-10-11T03:25:16.9327787Z Preparing to unpack .../102-libnm0_1.46.0-1ubuntu2.8_amd64.deb ...
real-app-pair	Run five-file control, then 5000-file case	2026-10-11T03:25:16.9333442Z Unpacking libnm0:amd64 (1.46.0-1ubuntu2.8) ...
real-app-pair	Run five-file control, then 5000-file case	2026-10-11T03:25:16.9530297Z Selecting previously unselected package libobt2v5:amd64.
real-app-pair	Run five-file control, then 5000-file case	2026-10-11T03:25:16.9640074Z Preparing to unpack .../103-libobt2v5_3.6.1-12build5_amd64.deb ...
real-app-pair	Run five-file control, then 5000-file case	2026-10-11T03:25:16.9645046Z Unpacking libobt2v5:amd64 (3.6.1-12build5) ...
real-app-pair	Run five-file control, then 5000-file case	2026-10-11T03:25:16.9798782Z Selecting previously unselected package libpangoxft-1.0-0:amd64.
real-app-pair	Run five-file control, then 5000-file case	2026-10-11T03:25:16.9908543Z Preparing to unpack .../104-libpangoxft-1.0-0_1.52.1+ds-1build1_amd64.deb ...
real-app-pair	Run five-file control, then 5000-file case	2026-10-11T03:25:16.9988373Z Unpacking libpangoxft-1.0-0:amd64 (1.52.1+ds-1build1) ...
real-app-pair	Run five-file control, then 5000-file case	2026-10-11T03:25:17.0065110Z Selecting previously unselected package libobrender32v5.
real-app-pair	Run five-file control, then 5000-file case	2026-10-11T03:25:17.0175550Z Preparing to unpack .../105-libobrender32v5_3.6.1-12build5_amd64.deb ...
real-app-pair	Run five-file control, then 5000-file case	2026-10-11T03:25:17.0181702Z Unpacking libobrender32v5 (3.6.1-12build5) ...
real-app-pair	Run five-file control, then 5000-file case	2026-10-11T03:25:17.0319391Z Selecting previously unselected package libpaper-utils.
real-app-pair	Run five-file control, then 5000-file case	2026-10-11T03:25:17.0430402Z Preparing to unpack .../106-libpaper-utils_1.1.29build1_amd64.deb ...
real-app-pair	Run five-file control, then 5000-file case	2026-10-11T03:25:17.0435008Z Unpacking libpaper-utils (1.1.29build1) ...
real-app-pair	Run five-file control, then 5000-file case	2026-10-11T03:25:17.0579867Z Selecting previously unselected package libwebrtc-audio-processing1:amd64.
real-app-pair	Run five-file control, then 5000-file case	2026-10-11T03:25:17.0690567Z Preparing to unpack .../107-libwebrtc-audio-processing1_0.3.1-0ubuntu6_amd64.deb ...
real-app-pair	Run five-file control, then 5000-file case	2026-10-11T03:25:17.0696832Z Unpacking libwebrtc-audio-processing1:amd64 (0.3.1-0ubuntu6) ...
real-app-pair	Run five-file control, then 5000-file case	2026-10-11T03:25:17.0864082Z Selecting previously unselected package libspa-0.2-modules:amd64.
real-app-pair	Run five-file control, then 5000-file case	2026-10-11T03:25:17.0973558Z Preparing to unpack .../108-libspa-0.2-modules_1.0.5-1ubuntu3.3_amd64.deb ...
real-app-pair	Run five-file control, then 5000-file case	2026-10-11T03:25:17.0978523Z Unpacking libspa-0.2-modules:amd64 (1.0.5-1ubuntu3.3) ...
real-app-pair	Run five-file control, then 5000-file case	2026-10-11T03:25:17.1204717Z Selecting previously unselected package libpipewire-0.3-0t64:amd64.
real-app-pair	Run five-file control, then 5000-file case	2026-10-11T03:25:17.1315434Z Preparing to unpack .../109-libpipewire-0.3-0t64_1.0.5-1ubuntu3.3_amd64.deb ...
real-app-pair	Run five-file control, then 5000-file case	2026-10-11T03:25:17.1321457Z Unpacking libpipewire-0.3-0t64:amd64 (1.0.5-1ubuntu3.3) ...
real-app-pair	Run five-file control, then 5000-file case	2026-10-11T03:25:17.1488112Z Selecting previously unselected package libpipewire-0.3-common.
real-app-pair	Run five-file control, then 5000-file case	2026-10-11T03:25:17.1600679Z Preparing to unpack .../110-libpipewire-0.3-common_1.0.5-1ubuntu3.3_all.deb ...
real-app-pair	Run five-file control, then 5000-file case	2026-10-11T03:25:17.1612134Z Unpacking libpipewire-0.3-common (1.0.5-1ubuntu3.3) ...
real-app-pair	Run five-file control, then 5000-file case	2026-10-11T03:25:17.1758110Z Selecting previously unselected package libpmem1:amd64.
real-app-pair	Run five-file control, then 5000-file case	2026-10-11T03:25:17.1869237Z Preparing to unpack .../111-libpmem1_1.13.1-1.1ubuntu2_amd64.deb ...
real-app-pair	Run five-file control, then 5000-file case	2026-10-11T03:25:17.1874371Z Unpacking libpmem1:amd64 (1.13.1-1.1ubuntu2) ...
real-app-pair	Run five-file control, then 5000-file case	2026-10-11T03:25:17.2040150Z Selecting previously unselected package libpmemobj1:amd64.
real-app-pair	Run five-file control, then 5000-file case	2026-10-11T03:25:17.2151407Z Preparing to unpack .../112-libpmemobj1_1.13.1-1.1ubuntu2_amd64.deb ...
real-app-pair	Run five-file control, then 5000-file case	2026-10-11T03:25:17.2156923Z Unpacking libpmemobj1:amd64 (1.13.1-1.1ubuntu2) ...
real-app-pair	Run five-file control, then 5000-file case	2026-10-11T03:25:17.2345984Z Selecting previously unselected package librados2.
real-app-pair	Run five-file control, then 5000-file case	2026-10-11T03:25:17.2457645Z Preparing to unpack .../113-librados2_19.2.3-0ubuntu0.24.04.3_amd64.deb ...
real-app-pair	Run five-file control, then 5000-file case	2026-10-11T03:25:17.2464088Z Unpacking librados2 (19.2.3-0ubuntu0.24.04.3) ...
real-app-pair	Run five-file control, then 5000-file case	2026-10-11T03:25:17.3085547Z Selecting previously unselected package librbd1.
real-app-pair	Run five-file control, then 5000-file case	2026-10-11T03:25:17.3197805Z Preparing to unpack .../114-librbd1_19.2.3-0ubuntu0.24.04.3_amd64.deb ...
real-app-pair	Run five-file control, then 5000-file case	2026-10-11T03:25:17.3206472Z Unpacking librbd1 (19.2.3-0ubuntu0.24.04.3) ...
real-app-pair	Run five-file control, then 5000-file case	2026-10-11T03:25:17.3777448Z Selecting previously unselected package librsvg2-common:amd64.
real-app-pair	Run five-file control, then 5000-file case	2026-10-11T03:25:17.3890322Z Preparing to unpack .../115-librsvg2-common_2.58.0+dfsg-1ubuntu0.1_amd64.deb ...
real-app-pair	Run five-file control, then 5000-file case	2026-10-11T03:25:17.3897027Z Unpacking librsvg2-common:amd64 (2.58.0+dfsg-1ubuntu0.1) ...
real-app-pair	Run five-file control, then 5000-file case	2026-10-11T03:25:17.4059713Z Selecting previously unselected package libsdl2-2.0-0:amd64.
real-app-pair	Run five-file control, then 5000-file case	2026-10-11T03:25:17.4170095Z Preparing to unpack .../116-libsdl2-2.0-0_2.30.0+dfsg-1ubuntu3.1_amd64.deb ...
real-app-pair	Run five-file control, then 5000-file case	2026-10-11T03:25:17.4175348Z Unpacking libsdl2-2.0-0:amd64 (2.30.0+dfsg-1ubuntu3.1) ...
real-app-pair	Run five-file control, then 5000-file case	2026-10-11T03:25:17.4386599Z Selecting previously unselected package libsecret-common.
real-app-pair	Run five-file control, then 5000-file case	2026-10-11T03:25:17.4496033Z Preparing to unpack .../117-libsecret-common_0.21.4-1build3_all.deb ...
real-app-pair	Run five-file control, then 5000-file case	2026-10-11T03:25:17.4505284Z Unpacking libsecret-common (0.21.4-1build3) ...
real-app-pair	Run five-file control, then 5000-file case	2026-10-11T03:25:17.4641363Z Selecting previously unselected package libsecret-1-0:amd64.
real-app-pair	Run five-file control, then 5000-file case	2026-10-11T03:25:17.4752042Z Preparing to unpack .../118-libsecret-1-0_0.21.4-1build3_amd64.deb ...
real-app-pair	Run five-file control, then 5000-file case	2026-10-11T03:25:17.4757466Z Unpacking libsecret-1-0:amd64 (0.21.4-1build3) ...
real-app-pair	Run five-file control, then 5000-file case	2026-10-11T03:25:17.4916315Z Selecting previously unselected package libspice-server1:amd64.
real-app-pair	Run five-file control, then 5000-file case	2026-10-11T03:25:17.5026292Z Preparing to unpack .../119-libspice-server1_0.15.1-1build2_amd64.deb ...
real-app-pair	Run five-file control, then 5000-file case	2026-10-11T03:25:17.5031675Z Unpacking libspice-server1:amd64 (0.15.1-1build2) ...
real-app-pair	Run five-file control, then 5000-file case	2026-10-11T03:25:17.5212426Z Selecting previously unselected package libxcb-util1:amd64.
real-app-pair	Run five-file control, then 5000-file case	2026-10-11T03:25:17.5322544Z Preparing to unpack .../120-libxcb-util1_0.4.0-1build3_amd64.deb ...
real-app-pair	Run five-file control, then 5000-file case	2026-10-11T03:25:17.5328631Z Unpacking libxcb-util1:amd64 (0.4.0-1build3) ...
real-app-pair	Run five-file control, then 5000-file case	2026-10-11T03:25:17.5475322Z Selecting previously unselected package libstartup-notification0:amd64.
real-app-pair	Run five-file control, then 5000-file case	2026-10-11T03:25:17.5585105Z Preparing to unpack .../121-libstartup-notification0_0.12-6build3_amd64.deb ...
real-app-pair	Run five-file control, then 5000-file case	2026-10-11T03:25:17.5590541Z Unpacking libstartup-notification0:amd64 (0.12-6build3) ...
real-app-pair	Run five-file control, then 5000-file case	2026-10-11T03:25:17.5737194Z Selecting previously unselected package libteamdctl0:amd64.
real-app-pair	Run five-file control, then 5000-file case	2026-10-11T03:25:17.5848168Z Preparing to unpack .../122-libteamdctl0_1.31-1build3_amd64.deb ...
real-app-pair	Run five-file control, then 5000-file case	2026-10-11T03:25:17.5854487Z Unpacking libteamdctl0:amd64 (1.31-1build3) ...
real-app-pair	Run five-file control, then 5000-file case	2026-10-11T03:25:17.5995586Z Selecting previously unselected package libtesseract5:amd64.
real-app-pair	Run five-file control, then 5000-file case	2026-10-11T03:25:17.6106668Z Preparing to unpack .../123-libtesseract5_5.3.4-1build5_amd64.deb ...
real-app-pair	Run five-file control, then 5000-file case	2026-10-11T03:25:17.6112100Z Unpacking libtesseract5:amd64 (5.3.4-1build5) ...
real-app-pair	Run five-file control, then 5000-file case	2026-10-11T03:25:17.6389798Z Selecting previously unselected package liburing2:amd64.
real-app-pair	Run five-file control, then 5000-file case	2026-10-11T03:25:17.6499944Z Preparing to unpack .../124-liburing2_2.5-1build1_amd64.deb ...
real-app-pair	Run five-file control, then 5000-file case	2026-10-11T03:25:17.6504470Z Unpacking liburing2:amd64 (2.5-1build1) ...
real-app-pair	Run five-file control, then 5000-file case	2026-10-11T03:25:17.6643556Z Selecting previously unselected package libusbredirparser1t64:amd64.
real-app-pair	Run five-file control, then 5000-file case	2026-10-11T03:25:17.6753431Z Preparing to unpack .../125-libusbredirparser1t64_0.13.0-2.1build1_amd64.deb ...
real-app-pair	Run five-file control, then 5000-file case	2026-10-11T03:25:17.6758526Z Unpacking libusbredirparser1t64:amd64 (0.13.0-2.1build1) ...
real-app-pair	Run five-file control, then 5000-file case	2026-10-11T03:25:17.6902956Z Selecting previously unselected package libvirglrenderer1:amd64.
real-app-pair	Run five-file control, then 5000-file case	2026-10-11T03:25:17.7013188Z Preparing to unpack .../126-libvirglrenderer1_1.0.0-1ubuntu2_amd64.deb ...
real-app-pair	Run five-file control, then 5000-file case	2026-10-11T03:25:17.7018810Z Unpacking libvirglrenderer1:amd64 (1.0.0-1ubuntu2) ...
real-app-pair	Run five-file control, then 5000-file case	2026-10-11T03:25:17.7179223Z Selecting previously unselected package libvte-2.91-common.
real-app-pair	Run five-file control, then 5000-file case	2026-10-11T03:25:17.7290209Z Preparing to unpack .../127-libvte-2.91-common_0.76.0-1ubuntu0.1_amd64.deb ...
real-app-pair	Run five-file control, then 5000-file case	2026-10-11T03:25:17.7296555Z Unpacking libvte-2.91-common (0.76.0-1ubuntu0.1) ...
real-app-pair	Run five-file control, then 5000-file case	2026-10-11T03:25:17.7448869Z Selecting previously unselected package libvte-2.91-0:amd64.
real-app-pair	Run five-file control, then 5000-file case	2026-10-11T03:25:17.7557741Z Preparing to unpack .../128-libvte-2.91-0_0.76.0-1ubuntu0.1_amd64.deb ...
real-app-pair	Run five-file control, then 5000-file case	2026-10-11T03:25:17.7563291Z Unpacking libvte-2.91-0:amd64 (0.76.0-1ubuntu0.1) ...
real-app-pair	Run five-file control, then 5000-file case	2026-10-11T03:25:17.7728022Z Selecting previously unselected package netpbm.
real-app-pair	Run five-file control, then 5000-file case	2026-10-11T03:25:17.7836843Z Preparing to unpack .../129-netpbm_2%3a11.05.02-1.1build1_amd64.deb ...
real-app-pair	Run five-file control, then 5000-file case	2026-10-11T03:25:17.7842289Z Unpacking netpbm (2:11.05.02-1.1build1) ...
real-app-pair	Run five-file control, then 5000-file case	2026-10-11T03:25:17.8798243Z Selecting previously unselected package network-manager.
real-app-pair	Run five-file control, then 5000-file case	2026-10-11T03:25:17.8911110Z Preparing to unpack .../130-network-manager_1.46.0-1ubuntu2.8_amd64.deb ...
real-app-pair	Run five-file control, then 5000-file case	2026-10-11T03:25:17.8970101Z ls: cannot access '/etc/NetworkManager/system-connections': No such file or directory
real-app-pair	Run five-file control, then 5000-file case	2026-10-11T03:25:17.8978796Z Unpacking network-manager (1.46.0-1ubuntu2.8) ...
real-app-pair	Run five-file control, then 5000-file case	2026-10-11T03:25:17.9581982Z Selecting previously unselected package ppp.
real-app-pair	Run five-file control, then 5000-file case	2026-10-11T03:25:17.9692963Z Preparing to unpack .../131-ppp_2.4.9-1+1.1ubuntu4_amd64.deb ...
real-app-pair	Run five-file control, then 5000-file case	2026-10-11T03:25:18.1840278Z Unpacking ppp (2.4.9-1+1.1ubuntu4) ...
real-app-pair	Run five-file control, then 5000-file case	2026-10-11T03:25:18.2348734Z Selecting previously unselected package pptp-linux.
real-app-pair	Run five-file control, then 5000-file case	2026-10-11T03:25:18.2461228Z Preparing to unpack .../132-pptp-linux_1.10.0-1build4_amd64.deb ...
real-app-pair	Run five-file control, then 5000-file case	2026-10-11T03:25:18.2466481Z Unpacking pptp-linux (1.10.0-1build4) ...
real-app-pair	Run five-file control, then 5000-file case	2026-10-11T03:25:18.2610252Z Selecting previously unselected package network-manager-pptp.
real-app-pair	Run five-file control, then 5000-file case	2026-10-11T03:25:18.2719535Z Preparing to unpack .../133-network-manager-pptp_1.2.12-3build2_amd64.deb ...
real-app-pair	Run five-file control, then 5000-file case	2026-10-11T03:25:18.2724489Z Unpacking network-manager-pptp (1.2.12-3build2) ...
real-app-pair	Run five-file control, then 5000-file case	2026-10-11T03:25:18.2881818Z Selecting previously unselected package obconf.
real-app-pair	Run five-file control, then 5000-file case	2026-10-11T03:25:18.2992813Z Preparing to unpack .../134-obconf_1%3a2.0.4+git20150213-3build1_amd64.deb ...
real-app-pair	Run five-file control, then 5000-file case	2026-10-11T03:25:18.3000801Z Unpacking obconf (1:2.0.4+git20150213-3build1) ...
real-app-pair	Run five-file control, then 5000-file case	2026-10-11T03:25:18.3427270Z Selecting previously unselected package openbox.
real-app-pair	Run five-file control, then 5000-file case	2026-10-11T03:25:18.3539325Z Preparing to unpack .../135-openbox_3.6.1-12build5_amd64.deb ...
real-app-pair	Run five-file control, then 5000-file case	2026-10-11T03:25:18.3565548Z Unpacking openbox (3.6.1-12build5) ...
real-app-pair	Run five-file control, then 5000-file case	2026-10-11T03:25:18.3925439Z Selecting previously unselected package libfdt1:amd64.
real-app-pair	Run five-file control, then 5000-file case	2026-10-11T03:25:18.4039547Z Preparing to unpack .../136-libfdt1_1.7.0-2build1_amd64.deb ...
real-app-pair	Run five-file control, then 5000-file case	2026-10-11T03:25:18.4045892Z Unpacking libfdt1:amd64 (1.7.0-2build1) ...
real-app-pair	Run five-file control, then 5000-file case	2026-10-11T03:25:18.4197835Z Selecting previously unselected package qemu-system-common.
real-app-pair	Run five-file control, then 5000-file case	2026-10-11T03:25:18.4310045Z Preparing to unpack .../137-qemu-system-common_1%3a8.2.2+ds-0ubuntu1.18_amd64.deb ...
real-app-pair	Run five-file control, then 5000-file case	2026-10-11T03:25:18.4315748Z Unpacking qemu-system-common (1:8.2.2+ds-0ubuntu1.18) ...
real-app-pair	Run five-file control, then 5000-file case	2026-10-11T03:25:18.4756170Z Selecting previously unselected package qemu-system-data.
real-app-pair	Run five-file control, then 5000-file case	2026-10-11T03:25:18.4867062Z Preparing to unpack .../138-qemu-system-data_1%3a8.2.2+ds-0ubuntu1.18_all.deb ...
real-app-pair	Run five-file control, then 5000-file case	2026-10-11T03:25:18.4875424Z Unpacking qemu-system-data (1:8.2.2+ds-0ubuntu1.18) ...
real-app-pair	Run five-file control, then 5000-file case	2026-10-11T03:25:18.5337959Z Selecting previously unselected package seabios.
real-app-pair	Run five-file control, then 5000-file case	2026-10-11T03:25:18.5451673Z Preparing to unpack .../139-seabios_1.16.3-2_all.deb ...
real-app-pair	Run five-file control, then 5000-file case	2026-10-11T03:25:18.5456799Z Unpacking seabios (1.16.3-2) ...
real-app-pair	Run five-file control, then 5000-file case	2026-10-11T03:25:18.5647451Z Selecting previously unselected package qemu-system-x86.
real-app-pair	Run five-file control, then 5000-file case	2026-10-11T03:25:18.5761539Z Preparing to unpack .../140-qemu-system-x86_1%3a8.2.2+ds-0ubuntu1.18_amd64.deb ...
real-app-pair	Run five-file control, then 5000-file case	2026-10-11T03:25:18.5818705Z Unpacking qemu-system-x86 (1:8.2.2+ds-0ubuntu1.18) ...
real-app-pair	Run five-file control, then 5000-file case	2026-10-11T03:25:18.7602463Z Selecting previously unselected package qemu-utils.
real-app-pair	Run five-file control, then 5000-file case	2026-10-11T03:25:18.7714098Z Preparing to unpack .../141-qemu-utils_1%3a8.2.2+ds-0ubuntu1.18_amd64.deb ...
real-app-pair	Run five-file control, then 5000-file case	2026-10-11T03:25:18.7721298Z Unpacking qemu-utils (1:8.2.2+ds-0ubuntu1.18) ...
real-app-pair	Run five-file control, then 5000-file case	2026-10-11T03:25:18.8186925Z Selecting previously unselected package qemu-block-extra.
real-app-pair	Run five-file control, then 5000-file case	2026-10-11T03:25:18.8299486Z Preparing to unpack .../142-qemu-block-extra_1%3a8.2.2+ds-0ubuntu1.18_amd64.deb ...
real-app-pair	Run five-file control, then 5000-file case	2026-10-11T03:25:18.8304835Z Unpacking qemu-block-extra (1:8.2.2+ds-0ubuntu1.18) ...
real-app-pair	Run five-file control, then 5000-file case	2026-10-11T03:25:18.8466600Z Selecting previously unselected package qemu-system-modules-opengl.
real-app-pair	Run five-file control, then 5000-file case	2026-10-11T03:25:18.8578737Z Preparing to unpack .../143-qemu-system-modules-opengl_1%3a8.2.2+ds-0ubuntu1.18_amd64.deb ...
real-app-pair	Run five-file control, then 5000-file case	2026-10-11T03:25:18.8586137Z Unpacking qemu-system-modules-opengl (1:8.2.2+ds-0ubuntu1.18) ...
real-app-pair	Run five-file control, then 5000-file case	2026-10-11T03:25:18.8755384Z Selecting previously unselected package qemu-system-gui.
real-app-pair	Run five-file control, then 5000-file case	2026-10-11T03:25:18.8869108Z Preparing to unpack .../144-qemu-system-gui_1%3a8.2.2+ds-0ubuntu1.18_amd64.deb ...
real-app-pair	Run five-file control, then 5000-file case	2026-10-11T03:25:18.8888109Z Unpacking qemu-system-gui (1:8.2.2+ds-0ubuntu1.18) ...
real-app-pair	Run five-file control, then 5000-file case	2026-10-11T03:25:18.9070941Z Selecting previously unselected package qemu-system-modules-spice.
real-app-pair	Run five-file control, then 5000-file case	2026-10-11T03:25:18.9183233Z Preparing to unpack .../145-qemu-system-modules-spice_1%3a8.2.2+ds-0ubuntu1.18_amd64.deb ...
real-app-pair	Run five-file control, then 5000-file case	2026-10-11T03:25:18.9189183Z Unpacking qemu-system-modules-spice (1:8.2.2+ds-0ubuntu1.18) ...
real-app-pair	Run five-file control, then 5000-file case	2026-10-11T03:25:18.9343919Z Selecting previously unselected package scrot.
real-app-pair	Run five-file control, then 5000-file case	2026-10-11T03:25:18.9457523Z Preparing to unpack .../146-scrot_1.10-1build2_amd64.deb ...
real-app-pair	Run five-file control, then 5000-file case	2026-10-11T03:25:18.9462470Z Unpacking scrot (1.10-1build2) ...
real-app-pair	Run five-file control, then 5000-file case	2026-10-11T03:25:18.9614861Z Selecting previously unselected package tesseract-ocr-eng.
real-app-pair	Run five-file control, then 5000-file case	2026-10-11T03:25:18.9727344Z Preparing to unpack .../147-tesseract-ocr-eng_1%3a4.1.0-2_all.deb ...
real-app-pair	Run five-file control, then 5000-file case	2026-10-11T03:25:18.9732093Z Unpacking tesseract-ocr-eng (1:4.1.0-2) ...
real-app-pair	Run five-file control, then 5000-file case	2026-10-11T03:25:19.0025934Z Selecting previously unselected package tesseract-ocr-osd.
real-app-pair	Run five-file control, then 5000-file case	2026-10-11T03:25:19.0137658Z Preparing to unpack .../148-tesseract-ocr-osd_1%3a4.1.0-2_all.deb ...
real-app-pair	Run five-file control, then 5000-file case	2026-10-11T03:25:19.0143210Z Unpacking tesseract-ocr-osd (1:4.1.0-2) ...
real-app-pair	Run five-file control, then 5000-file case	2026-10-11T03:25:19.0647808Z Selecting previously unselected package tesseract-ocr.
real-app-pair	Run five-file control, then 5000-file case	2026-10-11T03:25:19.0758768Z Preparing to unpack .../149-tesseract-ocr_5.3.4-1build5_amd64.deb ...
real-app-pair	Run five-file control, then 5000-file case	2026-10-11T03:25:19.0765872Z Unpacking tesseract-ocr (5.3.4-1build5) ...
real-app-pair	Run five-file control, then 5000-file case	2026-10-11T03:25:19.0969704Z Selecting previously unselected package wireless-regdb.
real-app-pair	Run five-file control, then 5000-file case	2026-10-11T03:25:19.1082718Z Preparing to unpack .../150-wireless-regdb_2026.05.30-0ubuntu1~24.04.1_all.deb ...
real-app-pair	Run five-file control, then 5000-file case	2026-10-11T03:25:19.1088865Z Unpacking wireless-regdb (2026.05.30-0ubuntu1~24.04.1) ...
real-app-pair	Run five-file control, then 5000-file case	2026-10-11T03:25:19.1241474Z Selecting previously unselected package wpasupplicant.
real-app-pair	Run five-file control, then 5000-file case	2026-10-11T03:25:19.1356130Z Preparing to unpack .../151-wpasupplicant_2%3a2.10-21ubuntu0.4_amd64.deb ...
real-app-pair	Run five-file control, then 5000-file case	2026-10-11T03:25:19.1366812Z Unpacking wpasupplicant (2:2.10-21ubuntu0.4) ...
real-app-pair	Run five-file control, then 5000-file case	2026-10-11T03:25:19.1715378Z Selecting previously unselected package cloud-image-utils.
real-app-pair	Run five-file control, then 5000-file case	2026-10-11T03:25:19.1829171Z Preparing to unpack .../152-cloud-image-utils_0.33-1_all.deb ...
real-app-pair	Run five-file control, then 5000-file case	2026-10-11T03:25:19.1839300Z Unpacking cloud-image-utils (0.33-1) ...
real-app-pair	Run five-file control, then 5000-file case	2026-10-11T03:25:19.1993697Z Selecting previously unselected package libegl1:amd64.
real-app-pair	Run five-file control, then 5000-file case	2026-10-11T03:25:19.2107658Z Preparing to unpack .../153-libegl1_1.7.0-1build1_amd64.deb ...
real-app-pair	Run five-file control, then 5000-file case	2026-10-11T03:25:19.2114964Z Unpacking libegl1:amd64 (1.7.0-1build1) ...
real-app-pair	Run five-file control, then 5000-file case	2026-10-11T03:25:19.2276086Z Selecting previously unselected package libgles2:amd64.
real-app-pair	Run five-file control, then 5000-file case	2026-10-11T03:25:19.2387494Z Preparing to unpack .../154-libgles2_1.7.0-1build1_amd64.deb ...
real-app-pair	Run five-file control, then 5000-file case	2026-10-11T03:25:19.2393133Z Unpacking libgles2:amd64 (1.7.0-1build1) ...
real-app-pair	Run five-file control, then 5000-file case	2026-10-11T03:25:19.2541797Z Selecting previously unselected package libopengl0:amd64.
real-app-pair	Run five-file control, then 5000-file case	2026-10-11T03:25:19.2651680Z Preparing to unpack .../155-libopengl0_1.7.0-1build1_amd64.deb ...
real-app-pair	Run five-file control, then 5000-file case	2026-10-11T03:25:19.2659038Z Unpacking libopengl0:amd64 (1.7.0-1build1) ...
real-app-pair	Run five-file control, then 5000-file case	2026-10-11T03:25:19.2817289Z Selecting previously unselected package libxdo3:amd64.
real-app-pair	Run five-file control, then 5000-file case	2026-10-11T03:25:19.2931582Z Preparing to unpack .../156-libxdo3_1%3a3.20160805.1-5build1_amd64.deb ...
real-app-pair	Run five-file control, then 5000-file case	2026-10-11T03:25:19.2938745Z Unpacking libxdo3:amd64 (1:3.20160805.1-5build1) ...
real-app-pair	Run five-file control, then 5000-file case	2026-10-11T03:25:19.3072734Z Selecting previously unselected package ovmf.
real-app-pair	Run five-file control, then 5000-file case	2026-10-11T03:25:19.3183525Z Preparing to unpack .../157-ovmf_2024.02-2ubuntu0.10_all.deb ...
real-app-pair	Run five-file control, then 5000-file case	2026-10-11T03:25:19.3194127Z Unpacking ovmf (2024.02-2ubuntu0.10) ...
real-app-pair	Run five-file control, then 5000-file case	2026-10-11T03:25:19.3732284Z Selecting previously unselected package xdotool.
real-app-pair	Run five-file control, then 5000-file case	2026-10-11T03:25:19.3845808Z Preparing to unpack .../158-xdotool_1%3a3.20160805.1-5build1_amd64.deb ...
real-app-pair	Run five-file control, then 5000-file case	2026-10-11T03:25:19.3852197Z Unpacking xdotool (1:3.20160805.1-5build1) ...
real-app-pair	Run five-file control, then 5000-file case	2026-10-11T03:25:19.4268778Z Setting up libpipewire-0.3-common (1.0.5-1ubuntu3.3) ...
real-app-pair	Run five-file control, then 5000-file case	2026-10-11T03:25:19.4289879Z Setting up libhwy1t64:amd64 (1.0.7-8.1build1) ...
real-app-pair	Run five-file control, then 5000-file case	2026-10-11T03:25:19.4302852Z Setting up genisoimage (9:1.1.11-3.5) ...
real-app-pair	Run five-file control, then 5000-file case	2026-10-11T03:25:19.4316484Z Setting up libcdparanoia0:amd64 (3.10.2+debian-14build3) ...
real-app-pair	Run five-file control, then 5000-file case	2026-10-11T03:25:19.4327909Z Setting up libpaper1:amd64 (1.1.29build1) ...
real-app-pair	Run five-file control, then 5000-file case	2026-10-11T03:25:19.5571739Z 
real-app-pair	Run five-file control, then 5000-file case	2026-10-11T03:25:19.5572512Z Creating config file /etc/papersize with new version
real-app-pair	Run five-file control, then 5000-file case	2026-10-11T03:25:19.5950089Z Setting up session-migration (0.3.9build1) ...
real-app-pair	Run five-file control, then 5000-file case	2026-10-11T03:25:19.6922882Z Created symlink /etc/systemd/user/graphical-session-pre.target.wants/session-migration.service → /usr/lib/systemd/user/session-migration.service.
real-app-pair	Run five-file control, then 5000-file case	2026-10-11T03:25:19.6923899Z 
real-app-pair	Run five-file control, then 5000-file case	2026-10-11T03:25:19.6947969Z Setting up libraw1394-11:amd64 (2.1.2-2build3) ...
real-app-pair	Run five-file control, then 5000-file case	2026-10-11T03:25:19.6964214Z Setting up libproxy1v5:amd64 (0.5.4-4build1) ...
real-app-pair	Run five-file control, then 5000-file case	2026-10-11T03:25:19.6977551Z Setting up libtag1v5-vanilla:amd64 (1.13.1-1build1) ...
real-app-pair	Run five-file control, then 5000-file case	2026-10-11T03:25:19.6990147Z Setting up libspeex1:amd64 (1.2.1-2ubuntu2.24.04.1) ...
real-app-pair	Run five-file control, then 5000-file case	2026-10-11T03:25:19.7003566Z Setting up fonts-noto-mono (20201225-2) ...
real-app-pair	Run five-file control, then 5000-file case	2026-10-11T03:25:19.7020661Z Setting up libcaca0:amd64 (0.99.beta20-4ubuntu0.2) ...
real-app-pair	Run five-file control, then 5000-file case	2026-10-11T03:25:19.7033669Z Setting up libv4lconvert0t64:amd64 (1.26.1-4build3) ...
real-app-pair	Run five-file control, then 5000-file case	2026-10-11T03:25:19.7051892Z Setting up libpangoxft-1.0-0:amd64 (1.52.1+ds-1build1) ...
real-app-pair	Run five-file control, then 5000-file case	2026-10-11T03:25:19.7064995Z Setting up libwmflite-0.2-7:amd64 (0.2.13-1.1build3) ...
real-app-pair	Run five-file control, then 5000-file case	2026-10-11T03:25:19.7080454Z Setting up libtwolame0:amd64 (0.4.0-2build3) ...
real-app-pair	Run five-file control, then 5000-file case	2026-10-11T03:25:19.7093640Z Setting up libvte-2.91-common (0.76.0-1ubuntu0.1) ...
real-app-pair	Run five-file control, then 5000-file case	2026-10-11T03:25:19.7119666Z Setting up libvisual-0.4-0:amd64 (0.4.2-2build1) ...
real-app-pair	Run five-file control, then 5000-file case	2026-10-11T03:25:19.7132364Z Setting up libijs-0.35:amd64 (0.35-15.1build1) ...
real-app-pair	Run five-file control, then 5000-file case	2026-10-11T03:25:19.7146027Z Setting up libgs-common (10.02.1~dfsg1-0ubuntu7.9) ...
real-app-pair	Run five-file control, then 5000-file case	2026-10-11T03:25:19.7166858Z Setting up wireless-regdb (2026.05.30-0ubuntu1~24.04.1) ...
real-app-pair	Run five-file control, then 5000-file case	2026-10-11T03:25:19.7181106Z Setting up msr-tools (1.3-5ubuntu0.1) ...
real-app-pair	Run five-file control, then 5000-file case	2026-10-11T03:25:19.7193287Z Setting up libwebrtc-audio-processing1:amd64 (0.3.1-0ubuntu6) ...
real-app-pair	Run five-file control, then 5000-file case	2026-10-11T03:25:19.7205930Z Setting up libboost-thread1.83.0:amd64 (1.83.0-2.1ubuntu3.2) ...
real-app-pair	Run five-file control, then 5000-file case	2026-10-11T03:25:19.7220424Z Setting up tesseract-ocr-eng (1:4.1.0-2) ...
real-app-pair	Run five-file control, then 5000-file case	2026-10-11T03:25:19.7235088Z Setting up libpaper-utils (1.1.29build1) ...
real-app-pair	Run five-file control, then 5000-file case	2026-10-11T03:25:19.7248729Z Setting up libsoup-3.0-common (3.4.4-5ubuntu0.9) ...
real-app-pair	Run five-file control, then 5000-file case	2026-10-11T03:25:19.7263867Z Setting up dnsmasq-base (2.91-0ubuntu0.24.04.2) ...
real-app-pair	Run five-file control, then 5000-file case	2026-10-11T03:25:19.7449565Z Setting up libmpg123-0t64:amd64 (1.32.5-1ubuntu1.1) ...
real-app-pair	Run five-file control, then 5000-file case	2026-10-11T03:25:19.7462518Z Setting up libfdt1:amd64 (1.7.0-2build1) ...
real-app-pair	Run five-file control, then 5000-file case	2026-10-11T03:25:19.7475120Z Setting up libvte-2.91-0:amd64 (0.76.0-1ubuntu0.1) ...
real-app-pair	Run five-file control, then 5000-file case	2026-10-11T03:25:19.7488525Z Setting up libayatana-ido3-0.4-0:amd64 (0.10.1-1build2) ...
real-app-pair	Run five-file control, then 5000-file case	2026-10-11T03:25:19.7502375Z Setting up libnetpbm11t64:amd64 (2:11.05.02-1.1build1) ...
real-app-pair	Run five-file control, then 5000-file case	2026-10-11T03:25:19.7515131Z Setting up libopengl0:amd64 (1.7.0-1build1) ...
real-app-pair	Run five-file control, then 5000-file case	2026-10-11T03:25:19.7528658Z Setting up libnfs14:amd64 (5.0.2-1ubuntu0.24.04.1) ...
real-app-pair	Run five-file control, then 5000-file case	2026-10-11T03:25:19.7540610Z Setting up libxcb-util1:amd64 (0.4.0-1build3) ...
real-app-pair	Run five-file control, then 5000-file case	2026-10-11T03:25:19.7552949Z Setting up poppler-data (0.4.12-1) ...
real-app-pair	Run five-file control, then 5000-file case	2026-10-11T03:25:19.7622282Z Setting up liborc-0.4-0t64:amd64 (1:0.4.38-1ubuntu0.1) ...
real-app-pair	Run five-file control, then 5000-file case	2026-10-11T03:25:19.7634905Z Setting up ovmf (2024.02-2ubuntu0.10) ...
real-app-pair	Run five-file control, then 5000-file case	2026-10-11T03:25:19.7646801Z Setting up dns-root-data (2024071801~ubuntu0.24.04.1) ...
real-app-pair	Run five-file control, then 5000-file case	2026-10-11T03:25:19.7660447Z Setting up librsvg2-2:amd64 (2.58.0+dfsg-1ubuntu0.1) ...
real-app-pair	Run five-file control, then 5000-file case	2026-10-11T03:25:19.7672768Z Setting up libxdo3:amd64 (1:3.20160805.1-5build1) ...
real-app-pair	Run five-file control, then 5000-file case	2026-10-11T03:25:19.7688367Z Setting up libid3tag0:amd64 (0.15.1b-14build1) ...
real-app-pair	Run five-file control, then 5000-file case	2026-10-11T03:25:19.7701446Z Setting up libegl-mesa0:amd64 (25.2.8-0ubuntu0.24.04.4) ...
real-app-pair	Run five-file control, then 5000-file case	2026-10-11T03:25:19.7716004Z Setting up libgles2:amd64 (1.7.0-1build1) ...
real-app-pair	Run five-file control, then 5000-file case	2026-10-11T03:25:19.7727716Z Setting up libjxr0t64:amd64 (1.2~git20170615.f752187-5.1ubuntu2) ...
real-app-pair	Run five-file control, then 5000-file case	2026-10-11T03:25:19.7739480Z Setting up libvirglrenderer1:amd64 (1.0.0-1ubuntu2) ...
real-app-pair	Run five-file control, then 5000-file case	2026-10-11T03:25:19.7752661Z Setting up libspa-0.2-modules:amd64 (1.0.5-1ubuntu3.3) ...
real-app-pair	Run five-file control, then 5000-file case	2026-10-11T03:25:19.7763717Z Setting up libjbig2dec0:amd64 (0.20-1ubuntu0.24.04.1) ...
real-app-pair	Run five-file control, then 5000-file case	2026-10-11T03:25:19.7776260Z Setting up libboost-iostreams1.83.0:amd64 (1.83.0-2.1ubuntu3.2) ...
real-app-pair	Run five-file control, then 5000-file case	2026-10-11T03:25:19.7787872Z Setting up libteamdctl0:amd64 (1.31-1build3) ...
real-app-pair	Run five-file control, then 5000-file case	2026-10-11T03:25:19.7799371Z Setting up xfonts-encodings (1:1.0.5-0ubuntu2) ...
real-app-pair	Run five-file control, then 5000-file case	2026-10-11T03:25:19.7811728Z Setting up libopus0:amd64 (1.4-1build1) ...
real-app-pair	Run five-file control, then 5000-file case	2026-10-11T03:25:19.7822827Z Setting up libxv1:amd64 (2:1.0.11-1.1build1) ...
real-app-pair	Run five-file control, then 5000-file case	2026-10-11T03:25:19.7834899Z Setting up libimath-3-1-29t64:amd64 (3.1.9-3.1ubuntu2) ...
real-app-pair	Run five-file control, then 5000-file case	2026-10-11T03:25:19.7850611Z Setting up libidn12:amd64 (1.42-1ubuntu0.1) ...
real-app-pair	Run five-file control, then 5000-file case	2026-10-11T03:25:19.7862217Z Setting up libobt2v5:amd64 (3.6.1-12build5) ...
real-app-pair	Run five-file control, then 5000-file case	2026-10-11T03:25:19.7875555Z Setting up libdv4t64:amd64 (1.0.0-17.1build1) ...
real-app-pair	Run five-file control, then 5000-file case	2026-10-11T03:25:19.7887109Z Setting up libpcsclite1:amd64 (2.0.3-1build1) ...
real-app-pair	Run five-file control, then 5000-file case	2026-10-11T03:25:19.7900041Z Setting up libjxl0.7:amd64 (0.7.0-10.2ubuntu6.1) ...
real-app-pair	Run five-file control, then 5000-file case	2026-10-11T03:25:19.7911740Z Setting up librsvg2-common:amd64 (2.58.0+dfsg-1ubuntu0.1) ...
real-app-pair	Run five-file control, then 5000-file case	2026-10-11T03:25:19.7949781Z Setting up netpbm (2:11.05.02-1.1build1) ...
real-app-pair	Run five-file control, then 5000-file case	2026-10-11T03:25:19.7964880Z Setting up libdaxctl1:amd64 (77-2ubuntu2) ...
real-app-pair	Run five-file control, then 5000-file case	2026-10-11T03:25:19.7977088Z Setting up qemu-system-data (1:8.2.2+ds-0ubuntu1.18) ...
real-app-pair	Run five-file control, then 5000-file case	2026-10-11T03:25:19.7989510Z Setting up libnm0:amd64 (1.46.0-1ubuntu2.8) ...
real-app-pair	Run five-file control, then 5000-file case	2026-10-11T03:25:19.8002358Z Setting up seabios (1.16.3-2) ...
real-app-pair	Run five-file control, then 5000-file case	2026-10-11T03:25:19.8017372Z Setting up ppp (2.4.9-1+1.1ubuntu4) ...
real-app-pair	Run five-file control, then 5000-file case	2026-10-11T03:25:19.8200828Z Setting up libv4l-0t64:amd64 (1.26.1-4build3) ...
real-app-pair	Run five-file control, then 5000-file case	2026-10-11T03:25:19.8213018Z Setting up imagemagick-6.q16 (8:6.9.12.98+dfsg1-5.2build2) ...
real-app-pair	Run five-file control, then 5000-file case	2026-10-11T03:25:19.8263428Z update-alternatives: using /usr/bin/compare-im6.q16 to provide /usr/bin/compare (compare) in auto mode
real-app-pair	Run five-file control, then 5000-file case	2026-10-11T03:25:19.8295804Z update-alternatives: using /usr/bin/compare-im6.q16 to provide /usr/bin/compare-im6 (compare-im6) in auto mode
real-app-pair	Run five-file control, then 5000-file case	2026-10-11T03:25:19.8335713Z update-alternatives: using /usr/bin/animate-im6.q16 to provide /usr/bin/animate (animate) in auto mode
real-app-pair	Run five-file control, then 5000-file case	2026-10-11T03:25:19.8368616Z update-alternatives: using /usr/bin/animate-im6.q16 to provide /usr/bin/animate-im6 (animate-im6) in auto mode
real-app-pair	Run five-file control, then 5000-file case	2026-10-11T03:25:19.8410642Z update-alternatives: using /usr/bin/convert-im6.q16 to provide /usr/bin/convert (convert) in auto mode
real-app-pair	Run five-file control, then 5000-file case	2026-10-11T03:25:19.8441126Z update-alternatives: using /usr/bin/convert-im6.q16 to provide /usr/bin/convert-im6 (convert-im6) in auto mode
real-app-pair	Run five-file control, then 5000-file case	2026-10-11T03:25:19.8479282Z update-alternatives: using /usr/bin/composite-im6.q16 to provide /usr/bin/composite (composite) in auto mode
real-app-pair	Run five-file control, then 5000-file case	2026-10-11T03:25:19.8511227Z update-alternatives: using /usr/bin/composite-im6.q16 to provide /usr/bin/composite-im6 (composite-im6) in auto mode
real-app-pair	Run five-file control, then 5000-file case	2026-10-11T03:25:19.8550445Z update-alternatives: using /usr/bin/conjure-im6.q16 to provide /usr/bin/conjure (conjure) in auto mode
real-app-pair	Run five-file control, then 5000-file case	2026-10-11T03:25:19.8586655Z update-alternatives: using /usr/bin/conjure-im6.q16 to provide /usr/bin/conjure-im6 (conjure-im6) in auto mode
real-app-pair	Run five-file control, then 5000-file case	2026-10-11T03:25:19.8631209Z update-alternatives: using /usr/bin/import-im6.q16 to provide /usr/bin/import (import) in auto mode
real-app-pair	Run five-file control, then 5000-file case	2026-10-11T03:25:19.8663069Z update-alternatives: using /usr/bin/import-im6.q16 to provide /usr/bin/import-im6 (import-im6) in auto mode
real-app-pair	Run five-file control, then 5000-file case	2026-10-11T03:25:19.8703476Z update-alternatives: using /usr/bin/identify-im6.q16 to provide /usr/bin/identify (identify) in auto mode
real-app-pair	Run five-file control, then 5000-file case	2026-10-11T03:25:19.8735543Z update-alternatives: using /usr/bin/identify-im6.q16 to provide /usr/bin/identify-im6 (identify-im6) in auto mode
real-app-pair	Run five-file control, then 5000-file case	2026-10-11T03:25:19.8776401Z update-alternatives: using /usr/bin/stream-im6.q16 to provide /usr/bin/stream (stream) in auto mode
real-app-pair	Run five-file control, then 5000-file case	2026-10-11T03:25:19.8808272Z update-alternatives: using /usr/bin/stream-im6.q16 to provide /usr/bin/stream-im6 (stream-im6) in auto mode
real-app-pair	Run five-file control, then 5000-file case	2026-10-11T03:25:19.8850781Z update-alternatives: using /usr/bin/display-im6.q16 to provide /usr/bin/display (display) in auto mode
real-app-pair	Run five-file control, then 5000-file case	2026-10-11T03:25:19.8882432Z update-alternatives: using /usr/bin/display-im6.q16 to provide /usr/bin/display-im6 (display-im6) in auto mode
real-app-pair	Run five-file control, then 5000-file case	2026-10-11T03:25:19.8921915Z update-alternatives: using /usr/bin/montage-im6.q16 to provide /usr/bin/montage (montage) in auto mode
real-app-pair	Run five-file control, then 5000-file case	2026-10-11T03:25:19.8955216Z update-alternatives: using /usr/bin/montage-im6.q16 to provide /usr/bin/montage-im6 (montage-im6) in auto mode
real-app-pair	Run five-file control, then 5000-file case	2026-10-11T03:25:19.8997757Z update-alternatives: using /usr/bin/mogrify-im6.q16 to provide /usr/bin/mogrify (mogrify) in auto mode
real-app-pair	Run five-file control, then 5000-file case	2026-10-11T03:25:19.9032056Z update-alternatives: using /usr/bin/mogrify-im6.q16 to provide /usr/bin/mogrify-im6 (mogrify-im6) in auto mode
real-app-pair	Run five-file control, then 5000-file case	2026-10-11T03:25:19.9044046Z Setting up libgif7:amd64 (5.2.2-1ubuntu1.2) ...
real-app-pair	Run five-file control, then 5000-file case	2026-10-11T03:25:19.9060566Z Setting up libvpx9:amd64 (1.14.0-1ubuntu2.3) ...
real-app-pair	Run five-file control, then 5000-file case	2026-10-11T03:25:19.9076946Z Setting up libtag1v5:amd64 (1.13.1-1build1) ...
real-app-pair	Run five-file control, then 5000-file case	2026-10-11T03:25:19.9088857Z Setting up cpu-checker (0.7-1.3build2) ...
real-app-pair	Run five-file control, then 5000-file case	2026-10-11T03:25:19.9103888Z Setting up libasyncns0:amd64 (0.8-6build4) ...
real-app-pair	Run five-file control, then 5000-file case	2026-10-11T03:25:19.9115935Z Setting up libbluetooth3:amd64 (5.72-0ubuntu5.7) ...
real-app-pair	Run five-file control, then 5000-file case	2026-10-11T03:25:19.9129427Z Setting up libwavpack1:amd64 (5.6.0-1build1) ...
real-app-pair	Run five-file control, then 5000-file case	2026-10-11T03:25:19.9142881Z Setting up libusbredirparser1t64:amd64 (0.13.0-2.1build1) ...
real-app-pair	Run five-file control, then 5000-file case	2026-10-11T03:25:19.9323872Z Setting up ipxe-qemu (1.21.1+git-20220113.fbbdc3926-0ubuntu2) ...
real-app-pair	Run five-file control, then 5000-file case	2026-10-11T03:25:19.9341026Z Setting up libtheora0:amd64 (1.1.1+dfsg.1-16.1build3) ...
real-app-pair	Run five-file control, then 5000-file case	2026-10-11T03:25:19.9353646Z Setting up libegl1:amd64 (1.7.0-1build1) ...
real-app-pair	Run five-file control, then 5000-file case	2026-10-11T03:25:19.9368129Z Setting up libdecor-0-0:amd64 (0.2.2-1build2) ...
real-app-pair	Run five-file control, then 5000-file case	2026-10-11T03:25:19.9383705Z Setting up libndctl6:amd64 (77-2ubuntu2) ...
real-app-pair	Run five-file control, then 5000-file case	2026-10-11T03:25:19.9396365Z Setting up librdmacm1t64:amd64 (50.0-2ubuntu0.2) ...
real-app-pair	Run five-file control, then 5000-file case	2026-10-11T03:25:19.9408702Z Setting up ipxe-qemu-256k-compat-efi-roms (1.0.0+git-20150424.a25a16d-0ubuntu5) ...
real-app-pair	Run five-file control, then 5000-file case	2026-10-11T03:25:19.9425196Z Setting up libflac12t64:amd64 (1.4.3+ds-2.1ubuntu2) ...
real-app-pair	Run five-file control, then 5000-file case	2026-10-11T03:25:19.9440270Z Setting up libbrlapi0.8:amd64 (6.6-4ubuntu5) ...
real-app-pair	Run five-file control, then 5000-file case	2026-10-11T03:25:19.9454113Z Setting up fonts-droid-fallback (1:6.0.1r16-1.1build1) ...
real-app-pair	Run five-file control, then 5000-file case	2026-10-11T03:25:19.9614878Z Setting up tesseract-ocr-osd (1:4.1.0-2) ...
real-app-pair	Run five-file control, then 5000-file case	2026-10-11T03:25:19.9627880Z Setting up libdjvulibre-text (3.5.28-2ubuntu0.24.04.2) ...
real-app-pair	Run five-file control, then 5000-file case	2026-10-11T03:25:19.9643198Z Setting up libndp0:amd64 (1.8-1fakesync1ubuntu0.24.04.1) ...
real-app-pair	Run five-file control, then 5000-file case	2026-10-11T03:25:19.9657639Z Setting up glib-networking-common (2.80.0-1build1) ...
real-app-pair	Run five-file control, then 5000-file case	2026-10-11T03:25:19.9671369Z Setting up liburing2:amd64 (2.5-1build1) ...
real-app-pair	Run five-file control, then 5000-file case	2026-10-11T03:25:19.9686930Z Setting up libiscsi7:amd64 (1.19.0-3build4) ...
real-app-pair	Run five-file control, then 5000-file case	2026-10-11T03:25:19.9700363Z Setting up libsamplerate0:amd64 (0.2.2-4build1) ...
real-app-pair	Run five-file control, then 5000-file case	2026-10-11T03:25:19.9712860Z Setting up libpmem1:amd64 (1.13.1-1.1ubuntu2) ...
real-app-pair	Run five-file control, then 5000-file case	2026-10-11T03:25:19.9727047Z Setting up libayatana-indicator3-7:amd64 (0.9.4-1build1) ...
real-app-pair	Run five-file control, then 5000-file case	2026-10-11T03:25:19.9740165Z Setting up libpipewire-0.3-0t64:amd64 (1.0.5-1ubuntu3.3) ...
real-app-pair	Run five-file control, then 5000-file case	2026-10-11T03:25:19.9754705Z Setting up libdecor-0-plugin-1-gtk:amd64 (0.2.2-1build2) ...
real-app-pair	Run five-file control, then 5000-file case	2026-10-11T03:25:19.9769408Z Setting up libsecret-common (0.21.4-1build3) ...
real-app-pair	Run five-file control, then 5000-file case	2026-10-11T03:25:19.9783731Z Setting up libmp3lame0:amd64 (3.100-6build1) ...
real-app-pair	Run five-file control, then 5000-file case	2026-10-11T03:25:19.9797181Z Setting up libvorbisenc2:amd64 (1.3.7-1build3) ...
real-app-pair	Run five-file control, then 5000-file case	2026-10-11T03:25:19.9809589Z Setting up libaa1:amd64 (1.4p5-51.1) ...
real-app-pair	Run five-file control, then 5000-file case	2026-10-11T03:25:19.9825406Z Setting up pptp-linux (1.10.0-1build4) ...
real-app-pair	Run five-file control, then 5000-file case	2026-10-11T03:25:19.9841360Z Setting up libiec61883-0:amd64 (1.2.0-6build1) ...
real-app-pair	Run five-file control, then 5000-file case	2026-10-11T03:25:19.9860430Z Setting up libstartup-notification0:amd64 (0.12-6build3) ...
real-app-pair	Run five-file control, then 5000-file case	2026-10-11T03:25:19.9872712Z Setting up libavc1394-0:amd64 (0.5.4-5build3) ...
real-app-pair	Run five-file control, then 5000-file case	2026-10-11T03:25:19.9884789Z Setting up gsettings-desktop-schemas (46.1-0ubuntu1) ...
real-app-pair	Run five-file control, then 5000-file case	2026-10-11T03:25:19.9898337Z Setting up glib-networking-services (2.80.0-1build1) ...
real-app-pair	Run five-file control, then 5000-file case	2026-10-11T03:25:19.9910445Z Setting up librados2 (19.2.3-0ubuntu0.24.04.3) ...
real-app-pair	Run five-file control, then 5000-file case	2026-10-11T03:25:19.9927950Z Setting up libjxr-tools (1.2~git20170615.f752187-5.1ubuntu2) ...
real-app-pair	Run five-file control, then 5000-file case	2026-10-11T03:25:19.9943765Z Setting up xdotool (1:3.20160805.1-5build1) ...
real-app-pair	Run five-file control, then 5000-file case	2026-10-11T03:25:19.9956184Z Setting up libdjvulibre21:amd64 (3.5.28-2ubuntu0.24.04.2) ...
real-app-pair	Run five-file control, then 5000-file case	2026-10-11T03:25:19.9971015Z Setting up libgstreamer-plugins-base1.0-0:amd64 (1.24.2-1ubuntu0.5) ...
real-app-pair	Run five-file control, then 5000-file case	2026-10-11T03:25:19.9983956Z Setting up network-manager (1.46.0-1ubuntu2.8) ...
real-app-pair	Run five-file control, then 5000-file case	2026-10-11T03:25:20.3302306Z Created symlink /etc/systemd/system/dbus-org.freedesktop.nm-dispatcher.service → /usr/lib/systemd/system/NetworkManager-dispatcher.service.
real-app-pair	Run five-file control, then 5000-file case	2026-10-11T03:25:20.3303122Z 
real-app-pair	Run five-file control, then 5000-file case	2026-10-11T03:25:20.4271869Z Created symlink /etc/systemd/system/network-online.target.wants/NetworkManager-wait-online.service → /usr/lib/systemd/system/NetworkManager-wait-online.service.
real-app-pair	Run five-file control, then 5000-file case	2026-10-11T03:25:20.4272898Z 
real-app-pair	Run five-file control, then 5000-file case	2026-10-11T03:25:20.5195047Z Created symlink /etc/systemd/system/multi-user.target.wants/NetworkManager.service → /usr/lib/systemd/system/NetworkManager.service.
real-app-pair	Run five-file control, then 5000-file case	2026-10-11T03:25:20.5195742Z 
real-app-pair	Run five-file control, then 5000-file case	2026-10-11T03:25:21.5073375Z Setting up xfonts-utils (1:7.7+6build3) ...
real-app-pair	Run five-file control, then 5000-file case	2026-10-11T03:25:21.5110610Z Setting up libcacard0:amd64 (1:2.8.0-3build4) ...
real-app-pair	Run five-file control, then 5000-file case	2026-10-11T03:25:21.5125035Z Setting up liblept5:amd64 (1.82.0-3build4) ...
real-app-pair	Run five-file control, then 5000-file case	2026-10-11T03:25:21.5140335Z Setting up wpasupplicant (2:2.10-21ubuntu0.4) ...
real-app-pair	Run five-file control, then 5000-file case	2026-10-11T03:25:21.6095866Z Created symlink /etc/systemd/system/dbus-fi.w1.wpa_supplicant1.service → /usr/lib/systemd/system/wpa_supplicant.service.
real-app-pair	Run five-file control, then 5000-file case	2026-10-11T03:25:21.6096451Z 
real-app-pair	Run five-file control, then 5000-file case	2026-10-11T03:25:21.6097265Z Created symlink /etc/systemd/system/multi-user.target.wants/wpa_supplicant.service → /usr/lib/systemd/system/wpa_supplicant.service.
real-app-pair	Run five-file control, then 5000-file case	2026-10-11T03:25:21.6098092Z 
real-app-pair	Run five-file control, then 5000-file case	2026-10-11T03:25:21.8431802Z Setting up libsecret-1-0:amd64 (0.21.4-1build3) ...
real-app-pair	Run five-file control, then 5000-file case	2026-10-11T03:25:21.8443887Z Setting up libgstreamer-plugins-good1.0-0:amd64 (1.24.2-1ubuntu1.8) ...
real-app-pair	Run five-file control, then 5000-file case	2026-10-11T03:25:21.8456541Z Setting up network-manager-pptp (1.2.12-3build2) ...
real-app-pair	Run five-file control, then 5000-file case	2026-10-11T03:25:21.8468570Z Setting up gstreamer1.0-plugins-base:amd64 (1.24.2-1ubuntu0.5) ...
real-app-pair	Run five-file control, then 5000-file case	2026-10-11T03:25:21.8486718Z Setting up libayatana-appindicator3-1 (0.5.93-1build3) ...
real-app-pair	Run five-file control, then 5000-file case	2026-10-11T03:25:21.8498372Z Setting up libopenexr-3-1-30:amd64 (3.1.5-5.1build3) ...
real-app-pair	Run five-file control, then 5000-file case	2026-10-11T03:25:21.8511613Z Setting up libshout3:amd64 (2.4.6-1build2) ...
real-app-pair	Run five-file control, then 5000-file case	2026-10-11T03:25:21.8524532Z Setting up libpmemobj1:amd64 (1.13.1-1.1ubuntu2) ...
real-app-pair	Run five-file control, then 5000-file case	2026-10-11T03:25:21.8562066Z Setting up librbd1 (19.2.3-0ubuntu0.24.04.3) ...
real-app-pair	Run five-file control, then 5000-file case	2026-10-11T03:25:21.8574168Z Setting up imagemagick (8:6.9.12.98+dfsg1-5.2build2) ...
real-app-pair	Run five-file control, then 5000-file case	2026-10-11T03:25:21.8586442Z Setting up libjack-jackd2-0:amd64 (1.9.21~dfsg-3ubuntu3) ...
real-app-pair	Run five-file control, then 5000-file case	2026-10-11T03:25:21.8598350Z Setting up libtesseract5:amd64 (5.3.4-1build5) ...
real-app-pair	Run five-file control, then 5000-file case	2026-10-11T03:25:21.8613354Z Setting up libmagickcore-6.q16-7-extra:amd64 (8:6.9.12.98+dfsg1-5.2build2) ...
real-app-pair	Run five-file control, then 5000-file case	2026-10-11T03:25:21.8627161Z Setting up libsndfile1:amd64 (1.2.2-1ubuntu5.24.04.1) ...
real-app-pair	Run five-file control, then 5000-file case	2026-10-11T03:25:21.8640937Z Setting up qemu-utils (1:8.2.2+ds-0ubuntu1.18) ...
real-app-pair	Run five-file control, then 5000-file case	2026-10-11T03:25:21.8654650Z Setting up qemu-block-extra (1:8.2.2+ds-0ubuntu1.18) ...
real-app-pair	Run five-file control, then 5000-file case	2026-10-11T03:25:21.9583680Z Created symlink /etc/systemd/system/multi-user.target.wants/run-qemu.mount → /usr/lib/systemd/system/run-qemu.mount.
real-app-pair	Run five-file control, then 5000-file case	2026-10-11T03:25:21.9584569Z 
real-app-pair	Run five-file control, then 5000-file case	2026-10-11T03:25:22.6094601Z Setting up gstreamer1.0-x:amd64 (1.24.2-1ubuntu0.5) ...
real-app-pair	Run five-file control, then 5000-file case	2026-10-11T03:25:22.6116178Z Setting up qemu-system-common (1:8.2.2+ds-0ubuntu1.18) ...
real-app-pair	Run five-file control, then 5000-file case	2026-10-11T03:25:22.7057471Z Created symlink /etc/systemd/system/multi-user.target.wants/qemu-kvm.service → /usr/lib/systemd/system/qemu-kvm.service.
real-app-pair	Run five-file control, then 5000-file case	2026-10-11T03:25:22.7058121Z 
real-app-pair	Run five-file control, then 5000-file case	2026-10-11T03:25:22.9422260Z Setting up libpulse0:amd64 (1:16.1+dfsg1-2ubuntu10.1) ...
real-app-pair	Run five-file control, then 5000-file case	2026-10-11T03:25:22.9482149Z Setting up libspice-server1:amd64 (0.15.1-1build2) ...
real-app-pair	Run five-file control, then 5000-file case	2026-10-11T03:25:22.9494988Z Setting up qemu-system-x86 (1:8.2.2+ds-0ubuntu1.18) ...
real-app-pair	Run five-file control, then 5000-file case	2026-10-11T03:25:22.9549358Z Setting up cloud-image-utils (0.33-1) ...
real-app-pair	Run five-file control, then 5000-file case	2026-10-11T03:25:22.9561490Z Setting up fonts-urw-base35 (20200910-8) ...
real-app-pair	Run five-file control, then 5000-file case	2026-10-11T03:25:23.0619204Z Setting up tesseract-ocr (5.3.4-1build5) ...
real-app-pair	Run five-file control, then 5000-file case	2026-10-11T03:25:23.0636506Z Setting up libsdl2-2.0-0:amd64 (2.30.0+dfsg-1ubuntu3.1) ...
real-app-pair	Run five-file control, then 5000-file case	2026-10-11T03:25:23.0653040Z Setting up libgs10-common (10.02.1~dfsg1-0ubuntu7.9) ...
real-app-pair	Run five-file control, then 5000-file case	2026-10-11T03:25:23.0672314Z Setting up qemu-system-modules-opengl (1:8.2.2+ds-0ubuntu1.18) ...
real-app-pair	Run five-file control, then 5000-file case	2026-10-11T03:25:23.0686432Z Setting up qemu-system-gui (1:8.2.2+ds-0ubuntu1.18) ...
real-app-pair	Run five-file control, then 5000-file case	2026-10-11T03:25:23.0701413Z Setting up qemu-system-modules-spice (1:8.2.2+ds-0ubuntu1.18) ...
real-app-pair	Run five-file control, then 5000-file case	2026-10-11T03:25:23.0716925Z Setting up libgs10:amd64 (10.02.1~dfsg1-0ubuntu7.9) ...
real-app-pair	Run five-file control, then 5000-file case	2026-10-11T03:25:23.0730718Z Setting up libspectre1:amd64 (0.2.12-1build2) ...
real-app-pair	Run five-file control, then 5000-file case	2026-10-11T03:25:23.0743902Z Setting up ghostscript (10.02.1~dfsg1-0ubuntu7.9) ...
real-app-pair	Run five-file control, then 5000-file case	2026-10-11T03:25:23.0793390Z Setting up libimlib2t64:amd64 (1.12.1-1.1build2) ...
real-app-pair	Run five-file control, then 5000-file case	2026-10-11T03:25:23.0808673Z Setting up libobrender32v5 (3.6.1-12build5) ...
real-app-pair	Run five-file control, then 5000-file case	2026-10-11T03:25:23.0828084Z Setting up scrot (1.10-1build2) ...
real-app-pair	Run five-file control, then 5000-file case	2026-10-11T03:25:23.0847931Z Setting up obconf (1:2.0.4+git20150213-3build1) ...
real-app-pair	Run five-file control, then 5000-file case	2026-10-11T03:25:23.0864282Z Setting up openbox (3.6.1-12build5) ...
real-app-pair	Run five-file control, then 5000-file case	2026-10-11T03:25:23.1099209Z update-alternatives: using /usr/bin/openbox to provide /usr/bin/x-window-manager (x-window-manager) in auto mode
real-app-pair	Run five-file control, then 5000-file case	2026-10-11T03:25:23.1133750Z update-alternatives: using /usr/bin/openbox-session to provide /usr/bin/x-session-manager (x-session-manager) in auto mode
real-app-pair	Run five-file control, then 5000-file case	2026-10-11T03:25:23.1216860Z Processing triggers for libgdk-pixbuf-2.0-0:amd64 (2.42.10+dfsg-3ubuntu3.3) ...
real-app-pair	Run five-file control, then 5000-file case	2026-10-11T03:25:23.1539004Z Processing triggers for fontconfig (2.15.0-1.1ubuntu2) ...
real-app-pair	Run five-file control, then 5000-file case	2026-10-11T03:25:23.2972036Z Processing triggers for hicolor-icon-theme (0.17-2) ...
real-app-pair	Run five-file control, then 5000-file case	2026-10-11T03:25:23.3631955Z Processing triggers for libc-bin (2.39-0ubuntu8.9) ...
real-app-pair	Run five-file control, then 5000-file case	2026-10-11T03:25:23.3910821Z Processing triggers for man-db (2.12.0-4build2) ...
real-app-pair	Run five-file control, then 5000-file case	2026-10-11T03:25:23.3928539Z Not building database; man-db/auto-update is not 'true'.
real-app-pair	Run five-file control, then 5000-file case	2026-10-11T03:25:23.3937604Z Processing triggers for libglib2.0-0t64:amd64 (2.80.0-6ubuntu3.9) ...
real-app-pair	Run five-file control, then 5000-file case	2026-10-11T03:25:23.4106320Z Processing triggers for dbus (1.14.10-4ubuntu4.1) ...
real-app-pair	Run five-file control, then 5000-file case	2026-10-11T03:25:23.4209339Z Processing triggers for shared-mime-info (2.4-4) ...
real-app-pair	Run five-file control, then 5000-file case	2026-10-11T03:25:24.0772419Z Setting up at-spi2-core (2.52.0-1build1) ...
real-app-pair	Run five-file control, then 5000-file case	2026-10-11T03:25:24.0806429Z Setting up glib-networking:amd64 (2.80.0-1build1) ...
real-app-pair	Run five-file control, then 5000-file case	2026-10-11T03:25:24.0832896Z Setting up libsoup-3.0-0:amd64 (3.4.4-5ubuntu0.9) ...
real-app-pair	Run five-file control, then 5000-file case	2026-10-11T03:25:24.0857979Z Setting up gstreamer1.0-plugins-good:amd64 (1.24.2-1ubuntu1.8) ...
real-app-pair	Run five-file control, then 5000-file case	2026-10-11T03:25:24.0874480Z Processing triggers for libc-bin (2.39-0ubuntu8.9) ...
real-app-pair	Run five-file control, then 5000-file case	2026-10-11T03:25:24.6331319Z 
real-app-pair	Run five-file control, then 5000-file case	2026-10-11T03:25:24.6331979Z Running kernel seems to be up-to-date.
real-app-pair	Run five-file control, then 5000-file case	2026-10-11T03:25:24.6332257Z 
real-app-pair	Run five-file control, then 5000-file case	2026-10-11T03:25:24.6332394Z No services need to be restarted.
real-app-pair	Run five-file control, then 5000-file case	2026-10-11T03:25:24.6332681Z 
real-app-pair	Run five-file control, then 5000-file case	2026-10-11T03:25:24.6332807Z No containers need to be restarted.
real-app-pair	Run five-file control, then 5000-file case	2026-10-11T03:25:24.6332983Z 
real-app-pair	Run five-file control, then 5000-file case	2026-10-11T03:25:24.6333103Z No user sessions are running outdated binaries.
real-app-pair	Run five-file control, then 5000-file case	2026-10-11T03:25:24.6333304Z 
real-app-pair	Run five-file control, then 5000-file case	2026-10-11T03:25:24.6333489Z No VM guests are running outdated hypervisor (qemu) binaries on this host.
real-app-pair	Run five-file control, then 5000-file case	2026-10-11T03:25:25.5175986Z   % Total    % Received % Xferd  Average Speed   Time    Time     Time  Current
real-app-pair	Run five-file control, then 5000-file case	2026-10-11T03:25:25.5176742Z                                  Dload  Upload   Total   Spent    Left  Speed
real-app-pair	Run five-file control, then 5000-file case	2026-10-11T03:25:25.5177143Z 
real-app-pair	Run five-file control, then 5000-file case	2026-10-11T03:25:25.7580417Z   0     0    0     0    0     0      0      0 --:--:-- --:--:-- --:--:--     0
real-app-pair	Run five-file control, then 5000-file case	2026-10-11T03:25:25.7581154Z   0     0    0     0    0     0      0      0 --:--:-- --:--:-- --:--:--     0
real-app-pair	Run five-file control, then 5000-file case	2026-10-11T03:25:25.9761655Z 
real-app-pair	Run five-file control, then 5000-file case	2026-10-11T03:25:25.9762317Z 100 15.5M  100 15.5M    0     0  33.9M      0 --:--:-- --:--:-- --:--:-- 33.9M
real-app-pair	Run five-file control, then 5000-file case	2026-10-11T03:25:26.2933871Z   % Total    % Received % Xferd  Average Speed   Time    Time     Time  Current
real-app-pair	Run five-file control, then 5000-file case	2026-10-11T03:25:26.2934619Z                                  Dload  Upload   Total   Spent    Left  Speed
real-app-pair	Run five-file control, then 5000-file case	2026-10-11T03:25:26.2934881Z 
real-app-pair	Run five-file control, then 5000-file case	2026-10-11T03:25:26.4754796Z   0     0    0     0    0     0      0      0 --:--:-- --:--:-- --:--:--     0
real-app-pair	Run five-file control, then 5000-file case	2026-10-11T03:25:26.8208200Z   0     0    0     0    0     0      0      0 --:--:-- --:--:-- --:--:--     0
real-app-pair	Run five-file control, then 5000-file case	2026-10-11T03:25:26.8210637Z 100   367  100   367    0     0    695      0 --:--:-- --:--:-- --:--:--   695
real-app-pair	Run five-file control, then 5000-file case	2026-10-11T03:25:27.4765580Z 
real-app-pair	Run five-file control, then 5000-file case	2026-10-11T03:25:28.4738324Z   0  596M    0  224k    0     0   189k      0  0:53:47  0:00:01  0:53:46  189k
real-app-pair	Run five-file control, then 5000-file case	2026-10-11T03:25:29.5548617Z   0  596M    0 5456k    0     0  2502k      0  0:04:04  0:00:02  0:04:02 5242k
real-app-pair	Run five-file control, then 5000-file case	2026-10-11T03:25:30.4727866Z  11  596M   11 67.5M    0     0  20.7M      0  0:00:28  0:00:03  0:00:25 32.3M
real-app-pair	Run five-file control, then 5000-file case	2026-10-11T03:25:31.4730525Z  28  596M   28  168M    0     0  40.2M      0  0:00:14  0:00:04  0:00:10 56.1M
real-app-pair	Run five-file control, then 5000-file case	2026-10-11T03:25:32.4883631Z  54  596M   54  327M    0     0  63.2M      0  0:00:09  0:00:05  0:00:04 81.9M
real-app-pair	Run five-file control, then 5000-file case	2026-10-11T03:25:33.1432013Z  82  596M   82  494M    0     0  79.7M      0  0:00:07  0:00:06  0:00:01 98.5M
real-app-pair	Run five-file control, then 5000-file case	2026-10-11T03:25:33.1432569Z 100  596M  100  596M    0     0  87.0M      0  0:00:06  0:00:06 --:--:--  126M
real-app-pair	Run five-file control, then 5000-file case	2026-10-11T03:25:34.9182135Z Image resized.
real-app-pair	Run five-file control, then 5000-file case	2026-10-11T04:08:43.8233688Z cat: /tmp/issue2414-vm-pair/qemu.pid: Permission denied
real-app-pair	Run five-file control, then 5000-file case	2026-10-11T04:08:43.8311755Z kill: failed to parse argument: '': No such file or directory
real-app-pair	Run five-file control, then 5000-file case	2026-10-11T04:08:43.8506508Z ##[error]Process completed with exit code 1.
real-app-pair	Retain evidence even after failure	﻿2026-10-11T04:08:43.8646942Z ##[group]Run actions/upload-artifact@v4
real-app-pair	Retain evidence even after failure	2026-10-11T04:08:43.8647425Z with:
real-app-pair	Retain evidence even after failure	2026-10-11T04:08:43.8647782Z   name: issue2414-host-vm-pair-38108292337
real-app-pair	Retain evidence even after failure	2026-10-11T04:08:43.8648248Z   path: evidence/
real-app-pair	Retain evidence even after failure	2026-10-11T04:08:43.8648592Z   if-no-files-found: warn
real-app-pair	Retain evidence even after failure	2026-10-11T04:08:43.8649169Z   retention-days: 14
real-app-pair	Retain evidence even after failure	2026-10-11T04:08:43.8649531Z   compression-level: 6
real-app-pair	Retain evidence even after failure	2026-10-11T04:08:43.8649896Z   overwrite: false
real-app-pair	Retain evidence even after failure	2026-10-11T04:08:43.8650255Z   include-hidden-files: false
real-app-pair	Retain evidence even after failure	2026-10-11T04:08:43.8650665Z ##[endgroup]
real-app-pair	Retain evidence even after failure	2026-10-11T04:08:44.0266214Z (node:6690) [DEP0040] DeprecationWarning: The `punycode` module is deprecated. Please use a userland alternative instead.
real-app-pair	Retain evidence even after failure	2026-10-11T04:08:44.0267530Z (Use `node --trace-deprecation ...` to show where the warning was created)
real-app-pair	Retain evidence even after failure	2026-10-11T04:08:44.0616234Z With the provided path, there will be 238 files uploaded
real-app-pair	Retain evidence even after failure	2026-10-11T04:08:44.0617116Z Artifact name is valid!
real-app-pair	Retain evidence even after failure	2026-10-11T04:08:44.0617656Z Root directory input is valid!
real-app-pair	Retain evidence even after failure	2026-10-11T04:08:44.4338095Z Beginning upload of artifact content to blob storage
real-app-pair	Retain evidence even after failure	2026-10-11T04:08:45.0105443Z (node:6690) [DEP0169] DeprecationWarning: `url.parse()` behavior is not standardized and prone to errors that have security implications. Use the WHATWG URL API instead. CVEs are not issued for `url.parse()` vulnerabilities.
real-app-pair	Retain evidence even after failure	2026-10-11T04:08:45.4114332Z ##[error]An error has occurred while creating the zip file for upload
real-app-pair	Retain evidence even after failure	2026-10-11T04:08:45.4116266Z Error: EACCES: permission denied, open '/home/runner/work/localsend/localsend/evidence/vm/serial.log'
real-app-pair	Retain evidence even after failure	2026-10-11T04:08:45.4191726Z /home/runner/work/_actions/actions/upload-artifact/v4/dist/upload/index.js:3811
real-app-pair	Retain evidence even after failure	2026-10-11T04:08:45.4192669Z     throw new Error('An error has occurred during zip creation for the artifact');
real-app-pair	Retain evidence even after failure	2026-10-11T04:08:45.4193103Z     ^
real-app-pair	Retain evidence even after failure	2026-10-11T04:08:45.4193308Z 
real-app-pair	Retain evidence even after failure	2026-10-11T04:08:45.4193784Z Error: An error has occurred during zip creation for the artifact
real-app-pair	Retain evidence even after failure	2026-10-11T04:08:45.4194388Z     at Archiver.zipErrorCallback (/home/runner/work/_actions/actions/upload-artifact/v4/dist/upload/index.js:3811:11)
real-app-pair	Retain evidence even after failure	2026-10-11T04:08:45.4195029Z     at Archiver.emit (node:events:521:24)
real-app-pair	Retain evidence even after failure	2026-10-11T04:08:45.4195901Z     at Archiver.<anonymous> (/home/runner/work/_actions/actions/upload-artifact/v4/dist/upload/index.js:57606:12)
real-app-pair	Retain evidence even after failure	2026-10-11T04:08:45.4197378Z     at __webpack_modules__.86454.module.exports.handleStuff (/home/runner/work/_actions/actions/upload-artifact/v4/dist/upload/index.js:69663:5)
real-app-pair	Retain evidence even after failure	2026-10-11T04:08:45.4198162Z     at Object.onceWrapper (node:events:630:28)
real-app-pair	Retain evidence even after failure	2026-10-11T04:08:45.4198485Z     at DeflateCRC32Stream.emit (node:events:521:24)
real-app-pair	Retain evidence even after failure	2026-10-11T04:08:45.4198848Z     at endReadableNT (node:internal/streams/readable:1736:12)
real-app-pair	Retain evidence even after failure	2026-10-11T04:08:45.4199727Z     at process.processTicksAndRejections (node:internal/process/task_queues:90:21)
real-app-pair	Retain evidence even after failure	2026-10-11T04:08:45.4200038Z 
real-app-pair	Retain evidence even after failure	2026-10-11T04:08:45.4200124Z Node.js v24.19.0
